database,MALE,weeks_to_death,albumin_avg,idwg_percent_avg,pre_sbp_avg,crp_avg,albumin_std,idwg_percent_std,pre_sbp_std,crp_std,albumin_count,idwg_percent_count,pre_sbp_count,crp_count,patient_count
FMC_AP,0,1,3.37369,4.592,132.777,33.324,0.58991,3.68,24.8983,31.3804,273,201,141,17,289
FMC_AP,0,2,3.22791,4.8184,116.133,51.75,0.60082,2.6871,17.6225,17.3241,43,25,15,2,44
FMC_AP,0,3,3.27,3.826,113.333,,0.72057,1.7371,26.6333,,15,12,3,0,20
FMC_AP,0,4,3.40741,3.8616,133.031,26.753,0.55841,2.7278,20.6859,38.1619,105,83,65,15,111
FMC_AP,0,5,3.50189,4.2613,137.718,34.734,0.51637,2.4576,24.6701,34.1948,421,341,259,38,432
FMC_AP,0,6,3.47345,4.8317,134.2,17.2,0.52331,2.8825,23.9878,,49,39,25,1,50
FMC_AP,0,7,3.62083,3.9639,141.667,73,0.559,3.2305,8.5049,,12,8,3,1,12
FMC_AP,0,8,3.38727,3.2799,132.4,25.6,0.57215,2.6086,32.1916,16.6877,15,14,5,2,15
FMC_AP,0,9,3.51726,4.2096,137.742,17.173,0.50403,2.5502,22.5849,23.1391,423,352,279,107,429
FMC_AP,0,10,3.52025,4.7483,133.855,25.977,0.55914,2.8942,25.4673,28.8224,114,93,62,13,121
FMC_AP,0,11,3.4385,4.8994,144.333,47.8,0.48824,1.9438,31.2453,29.9813,20,14,6,2,21
FMC_AP,0,12,3.21986,3.4325,112.5,,0.46921,2.632,45.9619,,7,4,2,0,7
FMC_AP,0,13,3.54383,4.1099,140.37,22.2,0.51636,2.439,23.4353,29.3167,244,200,154,26,250
FMC_AP,0,14,3.53252,4.1874,137.734,28.9,0.48366,2.3135,24.135,34.7478,269,223,156,30,279
FMC_AP,0,15,3.41935,5.9638,127.25,12,0.56416,3.3172,21.9177,12.1622,31,22,12,2,33
FMC_AP,0,16,3.2779,4.3589,134.5,65,0.65186,3.3967,36.0624,,10,4,2,1,10
FMC_AP,0,17,3.57737,4.2593,140.6,12.183,0.5197,2.3411,20.0544,20.6951,73,62,30,6,75
FMC_AP,0,18,3.57007,4.6454,138.419,33.368,0.45865,3.6465,22.4552,29.4356,392,323,260,40,404
FMC_AP,0,19,3.61091,4.2739,139.857,22.833,0.43105,2.6324,29.699,30.9529,55,48,21,3,60
FMC_AP,0,20,3.45455,2.917,139,65,0.36432,1.6922,18.5472,,11,9,5,1,11
FMC_AP,0,21,3.58767,3.2858,134.667,7.3,0.29519,1.9799,34.9094,,9,8,6,1,9
FMC_AP,0,22,3.58938,4.525,136.917,15.158,0.49314,3.318,23.5663,23.6504,367,300,228,88,374
FMC_AP,0,23,3.55117,4.3306,136.132,17.929,0.46,2.204,22.3452,24.2707,119,98,62,14,121
FMC_AP,0,24,3.62857,6.0194,115,23.1,0.46315,5.41,6,,14,10,4,1,15
FMC_AP,0,25,3.6018,2.2436,146,,0.24314,1.7504,,,5,4,1,0,5
FMC_AP,0,26,3.64295,4.2671,137.766,19.425,0.4587,2.3553,21.3519,21.2971,176,148,94,20,180
FMC_AP,0,27,3.61328,4.1503,137.818,23.852,0.45588,2.3956,24.3643,24.8067,280,248,170,21,286
FMC_AP,0,28,3.54677,4.1268,135.2,1,0.55572,1.9948,20.5091,,31,22,10,1,32
FMC_AP,0,29,3.4029,4.5129,146,,0.38224,5.8009,7.1181,,10,7,4,0,11
FMC_AP,0,30,3.58261,5.46,126.105,38.657,0.41596,3.6054,22.0628,43.1449,46,44,19,7,49
FMC_AP,0,31,3.62623,4.0503,136.13,19.291,0.47811,2.2497,23.5758,21.0866,376,327,224,33,388
FMC_AP,0,32,3.66569,4.3853,138.48,40.04,0.38891,2.0677,28.8937,33.4032,51,41,25,5,51
FMC_AP,0,33,3.6,3.3205,131.333,,0.5,0.9241,2.8868,,9,6,3,0,9
FMC_AP,0,34,3.3558,4.3145,115.5,31.4,0.32972,3.0602,20.5061,,5,5,2,1,5
FMC_AP,0,35,3.62501,4.3381,136.321,14.874,0.43559,2.3307,22.9131,20.1344,320,268,196,79,330
FMC_AP,0,36,3.62404,4.8076,141.966,20.35,0.42474,4.4554,18.3152,26.0515,131,111,59,14,134
FMC_AP,0,37,3.63235,3.6334,130.2,26.9,0.4081,1.8347,20.8495,,17,12,5,1,17
FMC_AP,0,38,3.437,4.7228,129.333,,0.25505,3.4174,21.1975,,7,6,3,0,8
FMC_AP,0,39,3.65525,4.2017,137.878,12.18,0.45002,2.2961,25.273,13.8332,150,136,82,20,156
FMC_AP,0,40,3.65298,4.3327,139.307,29.2,0.4156,2.637,20.5539,27.0206,268,234,153,12,274
FMC_AP,0,41,3.59404,3.7766,126.625,22.15,0.40029,1.5137,20.7635,29.2035,27,20,8,2,27
FMC_AP,0,42,3.52857,3.7392,136.333,,0.46803,0.7369,29.2632,,7,5,3,0,8
FMC_AP,0,43,3.62368,3.6818,126.882,13.417,0.43955,2.2068,21.6964,13.6352,38,32,17,6,39
FMC_AP,0,44,3.6652,4.3191,138.653,32.288,0.41702,2.299,21.5225,27.5158,334,302,193,17,344
FMC_AP,0,45,3.70276,4.8698,135.81,1.533,0.39538,3.8348,18.0572,0.8386,58,49,21,3,61
FMC_AP,0,46,3.53333,3.6555,132.667,,0.37979,1.7706,20.1329,,12,11,3,0,12
FMC_AP,0,47,3.4358,1.9697,120.5,,0.37638,0.8572,28.9914,,5,5,2,0,5
FMC_AP,0,48,3.65056,4.3773,141.427,11.6,0.43749,2.2211,21.2006,16.4311,277,246,157,51,282
FMC_AP,0,49,3.7045,4.1245,136.97,16.17,0.50704,2.435,24.4918,17.9271,131,109,67,23,134
FMC_AP,0,50,3.53059,4.7894,129,13.4,0.41098,2.2901,13.8564,17.3948,17,14,6,2,18
FMC_AP,0,51,3.61,5.6269,104,,0.49041,5.4241,5.6569,,5,4,2,0,5
FMC_AP,0,52,3.66768,4.7989,140.428,15.95,0.44445,4.3905,23.0444,19.6471,149,134,92,12,153
FMC_AP,0,53,3.6475,4.3157,137.626,23.767,0.41874,2.1562,23.9088,38.1945,229,201,107,18,232
FMC_AP,0,54,3.73077,4.5002,136.167,14.9,0.46197,3.048,13.2124,11.4551,26,18,6,2,26
FMC_AP,0,55,3.4875,3.7208,133,,0.41209,3.5988,7.0711,,8,4,2,0,8
FMC_AP,0,56,3.65177,4.295,122.25,45.8,0.37304,3.0929,18.3361,72.0401,22,19,8,3,23
FMC_AP,0,57,3.71275,4.3385,139.477,31.957,0.41924,2.4633,21.2393,45.8634,317,281,176,21,323
FMC_AP,0,58,3.78049,4.9419,140.308,,0.46272,2.2861,22.0582,,41,36,13,0,42
FMC_AP,0,59,3.6,4.6466,128.667,,0.50827,1.5166,35.8515,,13,9,3,0,14
FMC_AP,0,60,3.422,2.3927,105,,0.61026,1.8572,7.0711,,5,4,2,0,5
FMC_AP,0,61,3.69094,4.5676,139.419,16.764,0.44729,2.3893,23.3338,25.1698,241,207,136,59,246
FMC_AP,0,62,3.69681,4.4786,140.2,16.414,0.4722,2.1939,19.228,20.6146,117,96,50,7,120
FMC_AP,0,63,3.54286,4.383,136.8,,0.42916,2.135,20.8135,,14,11,5,0,15
FMC_AP,0,64,3.66667,3.0927,116.5,,0.20817,1.5657,4.9497,,3,3,2,0,4
FMC_AP,0,65,3.63122,4.3566,136.778,17.186,0.46091,1.9752,23.0727,23.4814,89,82,36,7,94
FMC_AP,0,66,3.71608,4.3059,137.977,15.921,0.42265,2.3031,26.1193,24.0149,248,212,133,14,253
FMC_AP,0,67,3.63913,4.3446,134.25,5.4,0.4878,2.3753,18.4759,,23,18,8,1,25
FMC_AP,0,68,3.7,6.4158,133.5,,0.40825,2.3778,4.9497,,4,2,2,0,4
FMC_AP,0,69,3.64636,4.5508,138.5,11.39,0.41551,1.764,4.9497,,11,10,2,1,11
FMC_AP,0,70,3.70321,4.5507,137.619,17.241,0.42982,3.6421,24.3679,24.2877,280,246,155,17,289
FMC_AP,0,71,3.77644,4.2133,135.5,30.3,0.45921,1.74,21.2139,35.0725,45,35,18,2,45
FMC_AP,0,72,3.415,5.4602,110.667,,0.67825,3.2675,36.8963,,10,7,3,0,10
FMC_AP,0,73,3.53,3.0522,116,,0.70852,0.8717,14.1421,,5,4,2,0,5
FMC_AP,0,74,3.68538,4.3255,134.661,10.579,0.43804,2.1262,22.6416,15.7716,215,190,112,56,218
FMC_AP,0,75,3.68928,5.0237,136.242,12.356,0.40739,3.5786,26.1208,13.0195,111,99,55,9,116
FMC_AP,0,76,3.61786,4.2743,137.875,,0.42949,2.0641,17.5707,,14,8,4,0,14
FMC_AP,0,77,3.7625,3.8774,101,,0.59354,0.7531,,,4,3,1,0,4
FMC_AP,0,78,3.68344,3.9303,135.714,8.033,0.51631,2.0029,29.2978,10.3407,72,66,28,6,75
FMC_AP,0,79,3.71532,4.4854,137.388,10.714,0.36859,2.4245,24.8581,8.0458,238,206,121,7,242
FMC_AP,0,80,3.6113,4.5736,127.75,,0.35011,2.2341,24.2413,,23,19,8,0,23
FMC_AP,0,81,3.48,3.9402,145.5,,0.56303,2.1422,7.7782,,5,4,2,0,5
FMC_AP,0,82,3.78656,3.9094,110.5,,0.40657,1.7372,14.8492,,9,9,2,0,9
FMC_AP,0,83,3.70672,4.6853,135.551,19.3,0.38033,2.5269,26.3091,23.6361,247,227,127,13,254
FMC_AP,0,84,3.72319,4.5228,134.286,4.833,0.30851,1.9804,21.5868,4.3753,53,43,28,3,55
FMC_AP,0,85,3.55714,3.222,123,,0.49618,1.0819,9.8995,,7,5,2,0,7
FMC_AP,0,86,3.755,2.5679,120.5,3.6,0.37784,2.246,0.7071,,4,3,2,1,4
FMC_AP,0,87,3.74946,4.1698,137.012,10.898,0.43045,1.9744,21.8968,15.0171,169,152,82,40,172
FMC_AP,0,88,3.7188,4.4452,138.115,10.737,0.36268,2.7035,25.3365,20.0918,117,105,61,16,122
FMC_AP,0,89,3.63636,3.7098,123.2,31.6,0.36131,2.4174,12.5379,20.2233,11,10,5,2,11
FMC_AP,0,90,3.3,6.6116,,,0.6245,1.9845,,,3,2,0,0,3
FMC_AP,0,91,3.74447,4.6667,127.846,1,0.41084,4.2525,26.3339,,47,43,13,1,50
FMC_AP,0,92,3.71055,4.3927,137.43,24.78,0.41872,1.9332,23.6553,32.2318,218,192,114,5,224
FMC_AP,0,93,3.71111,3.929,124.889,,0.32972,1.5663,18.306,,27,24,9,0,27
FMC_AP,0,94,3.63333,5.14,121.5,,0.25166,3.665,12.0208,,3,3,2,0,3
FMC_AP,0,95,3.56667,2.9489,120,,0.35119,0.7707,0,,3,3,2,0,3
FMC_AP,0,96,3.75044,4.2996,136.222,32.51,0.38299,1.8315,24.4557,26.3248,220,198,108,10,227
FMC_AP,0,97,3.6644,4.3806,132.783,11.4,0.46443,1.8954,22.5428,,50,47,23,1,50
FMC_AP,0,98,3.6375,3.1571,124,,0.38149,0.7078,22.6274,,8,6,2,0,8
FMC_AP,0,99,3.52633,3.9891,116.5,,0.41543,1.6719,23.3345,,3,3,2,0,3
FMC_AP,0,100,3.74287,4.1451,141.583,18.775,0.44276,2.1801,24.0718,34.1548,109,100,36,4,114
FMC_AP,0,101,3.72867,4.4916,137.024,14.925,0.38936,2.3124,24.8281,22.6892,151,138,84,8,152
FMC_AP,0,102,3.74545,3.8692,132,34,0.35879,2.1256,14.4222,,11,8,5,1,11
FMC_AP,0,103,3.6,3.4773,110,,0.2,2.4609,,,3,3,1,0,3
FMC_AP,0,104,3.6705,4.4466,140.667,73,0.50611,3.0919,21.5083,,40,37,12,1,41
FMC_AP,1,1,3.46842,4.0759,138.291,27.758,0.64632,2.4238,26.2678,27.0822,271,203,163,19,287
FMC_AP,1,2,3.41196,4.1618,140.917,11.4,0.55146,2.2508,24.6222,9.051,53,45,24,2,59
FMC_AP,1,3,3.37917,5.3983,134.5,,0.60143,2.4907,50.2046,,24,18,2,0,24
FMC_AP,1,4,3.48981,4.0543,136.287,28.378,0.54591,2.0044,19.1225,24.4997,134,109,94,32,140
FMC_AP,1,5,3.56963,4.2028,138.358,37.747,0.55453,2.6624,22.3705,38.3684,462,397,330,49,472
FMC_AP,1,6,3.65803,4.8181,139.719,7.2,0.56156,3.6025,22.6833,8.2307,61,55,32,6,65
FMC_AP,1,7,3.65714,4.31,135,110.9,0.4534,1.8267,21.7945,,21,13,3,1,21
FMC_AP,1,8,3.46111,4.3485,127.8,,0.59916,2.1107,17.9802,,18,14,10,0,19
FMC_AP,1,9,3.6143,4.1819,137.245,24.107,0.50706,2.3472,23.9335,29.2,494,427,351,128,507
FMC_AP,1,10,3.61309,4.3753,140.506,25.292,0.59182,2.1803,21.8708,31.3599,125,108,79,14,132
FMC_AP,1,11,3.63636,4.5859,139.833,2.3,0.56115,1.8775,21.3492,,33,27,12,1,35
FMC_AP,1,12,3.45833,5.2851,126,48,0.53336,2.2181,14.1421,,12,9,2,1,13
FMC_AP,1,13,3.61942,4.0302,138.252,27.652,0.52081,2.1631,22.2511,31.0618,316,265,220,45,333
FMC_AP,1,14,3.63578,4.1611,137.763,24.048,0.52969,2.1322,21.5355,21.7545,284,240,194,21,291
FMC_AP,1,15,3.81194,4.6387,149.6,22.05,0.53478,1.9282,33.3055,25.8094,35,30,15,2,38
FMC_AP,1,16,3.72222,5.1878,134,,0.47472,2.4799,,,18,11,1,0,18
FMC_AP,1,17,3.53768,4.6873,134.315,19.912,0.54297,2.937,22.4755,21.7276,79,72,46,17,81
FMC_AP,1,18,3.63831,4.0326,136.788,29.625,0.51944,2.4621,22.972,27.202,451,395,323,51,460
FMC_AP,1,19,3.72518,4.7541,137.4,6.067,0.5341,2.3738,23.1341,8.6354,73,63,35,6,75
FMC_AP,1,20,3.75,4.0398,131.5,,0.31024,2.1795,33.7688,,17,16,4,0,19
FMC_AP,1,21,3.37744,4.1838,126.7,,0.56766,2.326,16.2826,,16,14,10,0,16
FMC_AP,1,22,3.63707,4.0645,136.262,17.75,0.48539,2.0311,23.9907,24.7412,430,357,305,120,440
FMC_AP,1,23,3.70988,4.1979,138.31,64.133,0.55217,2.2226,20.3263,41.8246,115,102,71,9,120
FMC_AP,1,24,3.66541,4.6878,133,,0.52958,1.4949,24.8126,,22,19,7,0,22
FMC_AP,1,25,3.545,4.2747,138.5,,0.33904,2.2882,13.435,,6,5,2,0,7
FMC_AP,1,26,3.69608,4.3097,137.443,24.78,0.44207,2.3552,22.3218,31.5677,214,193,140,36,226
FMC_AP,1,27,3.67137,3.9613,138.643,31.056,0.53249,2.2132,23.2204,34.6633,310,269,221,25,319
FMC_AP,1,28,3.69345,4.0645,140,12.7,0.45909,1.831,21.6052,,49,44,24,1,51
FMC_AP,1,29,3.62308,5.4681,135.5,,0.4024,2.4797,21.9203,,13,12,2,0,14
FMC_AP,1,30,3.55376,5.42,129.375,18.399,0.47829,2.6509,23.6735,25.6689,55,47,32,11,56
FMC_AP,1,31,3.72449,4.1904,138.747,19.522,0.46118,2.2193,21.7376,22.136,403,348,289,41,413
FMC_AP,1,32,3.65661,4.3581,139.855,38.584,0.51553,1.9582,28.0491,24.2294,59,60,31,7,64
FMC_AP,1,33,3.73529,4.8616,129.333,,0.53026,3.0339,16.1658,,17,10,3,0,17
FMC_AP,1,34,3.32857,5.8071,145.667,9.3,0.47157,2.8456,15.0444,,7,5,3,1,7
FMC_AP,1,35,3.70652,4.1512,136.3,19.758,0.4905,2.002,24.1965,29.3055,372,322,263,92,379
FMC_AP,1,36,3.69687,4.5635,142.132,28.272,0.50074,2.2815,23.8598,32.8815,135,116,76,18,141
FMC_AP,1,37,3.68538,5.2276,146.889,89.3,0.37153,2.6986,26.27,97.1565,26,23,9,2,27
FMC_AP,1,38,3.37143,4.9137,150,,0.27516,1.9614,21.2132,,7,7,2,0,7
FMC_AP,1,39,3.70534,4.3919,135.183,22.538,0.45995,2.3226,19.1857,33.5828,161,140,104,21,171
FMC_AP,1,40,3.73851,4.2385,137.761,36.836,0.45871,2.1531,24.9731,29.4421,299,268,207,14,305
FMC_AP,1,41,3.73762,4.2618,145.375,,0.36472,2.2293,21.4969,,34,33,16,0,36
FMC_AP,1,42,3.66091,3.661,147,42.1,0.1855,1.7699,21.2132,,11,10,2,1,11
FMC_AP,1,43,3.61772,4.8022,128.348,13.542,0.47599,2.43,21.4128,17.9313,39,34,23,12,41
FMC_AP,1,44,3.73327,4.4148,140.031,36.23,0.46913,2.5899,21.9118,31.2848,371,332,254,30,384
FMC_AP,1,45,3.69618,4.497,147.909,21.8,0.43576,1.9802,23.7215,,71,60,33,1,74
FMC_AP,1,46,3.70625,4.571,132.5,29,0.32958,1.6939,33.0807,,16,12,4,1,16
FMC_AP,1,47,3.53625,3.6267,133,,0.61118,1.5484,25.5604,,8,7,4,0,8
FMC_AP,1,48,3.75164,4.2178,135.257,23.172,0.47564,2.1254,22.8336,31.0571,282,248,187,54,287
FMC_AP,1,49,3.68465,4.3387,141.234,27.202,0.46341,2.153,20.5943,37.1177,154,133,107,37,159
FMC_AP,1,50,3.78645,4.0017,146.444,31.9,0.37298,1.881,17.5222,26.8701,20,16,9,2,21
FMC_AP,1,51,3.25714,5.1218,137.5,63.8,0.40766,2.0817,10.6066,,7,6,2,1,7
FMC_AP,1,52,3.72119,4.1199,137.589,23.917,0.48234,2.16,24.3574,25.8494,172,152,124,23,176
FMC_AP,1,53,3.69705,4.3182,138.915,27.36,0.47456,1.9725,21.8843,29.296,255,217,159,15,265
FMC_AP,1,54,3.68273,4.1282,147.765,85.6,0.43879,2.0671,17.6158,,40,39,17,1,41
FMC_AP,1,55,3.64545,2.8867,128,,0.37779,1.5643,,,11,6,1,0,11
FMC_AP,1,56,3.438,3.9858,134.462,20.2,0.51906,2.368,26.6196,19.16,20,17,13,5,21
FMC_AP,1,57,3.74399,4.2887,136.898,27.074,0.48433,2.0593,22.9435,26.7343,335,279,226,23,342
FMC_AP,1,58,3.76054,4.3407,148.367,,0.44632,2.0886,21.1309,,54,55,30,0,57
FMC_AP,1,59,3.375,4.5909,90,,0.53828,1.1785,,,6,6,1,0,7
FMC_AP,1,60,3.35,3.0913,126.5,22.7,0.51478,1.0221,19.0919,,5,5,2,1,6
FMC_AP,1,61,3.74628,4.3116,142.192,21.777,0.47063,1.9517,24.9879,30.8042,271,236,187,78,276
FMC_AP,1,62,3.70344,4.1487,141.3,11.867,0.47648,1.9558,25.0601,17.8863,122,109,70,6,129
FMC_AP,1,63,3.77,4.8009,152.286,16.7,0.35997,2.342,21.2502,,20,20,7,1,22
FMC_AP,1,64,3.68,2.9155,133,,0.25884,1.9677,,,5,4,1,0,5
FMC_AP,1,65,3.72216,4.5343,137.152,38.3,0.40742,2.2637,21.3723,30.2242,101,86,66,18,107
FMC_AP,1,66,3.77167,4.0725,140.637,22.27,0.42681,2.0103,23.2639,31.3713,267,236,175,10,274
FMC_AP,1,67,3.74,4.7446,150.5,19.1,0.41474,2.5075,31.729,20.256,35,31,14,4,36
FMC_AP,1,68,3.67833,3.7726,143.667,,0.33529,2.6672,3.2146,,6,5,3,0,6
FMC_AP,1,69,3.3,4.4132,129,11.89,0.42426,1.5312,22.6274,,4,4,2,1,5
FMC_AP,1,70,3.77758,4.3265,140.891,37.606,0.41554,2.6565,21.8522,38.2358,317,286,202,16,326
FMC_AP,1,71,3.74016,4.3396,149.706,24.3,0.45413,1.8507,27.5104,17.9008,61,62,34,3,68
FMC_AP,1,72,3.72,4.4666,157,,0.35839,1.5521,24.8797,,10,8,3,0,10
FMC_AP,1,73,3.5,3.5417,148.5,,0.44721,1.5958,23.3345,,5,5,2,0,5
FMC_AP,1,74,3.79485,4.154,137.186,13.825,0.42994,2.1,23.3977,22.4689,233,212,154,64,238
FMC_AP,1,75,3.77234,4.4427,140.172,11.163,0.42802,1.9692,22.6748,14.499,115,106,64,8,123
FMC_AP,1,76,3.7375,4.592,146.6,11.1,0.4334,2.4018,21.3729,,16,16,5,1,17
FMC_AP,1,77,3.6018,4.6658,135,,0.37539,3.5139,,,5,4,1,0,5
FMC_AP,1,78,3.72885,4.484,135.561,15.571,0.37657,2.1902,21.7083,12.3748,62,57,41,7,68
FMC_AP,1,79,3.74971,3.9986,137.128,21.55,0.42681,2.0816,22.5256,20.5072,261,234,164,6,270
FMC_AP,1,80,3.74745,3.9928,144.118,,0.38606,2.6948,30.0185,,40,37,17,0,44
FMC_AP,1,81,3.52,4.3778,125.5,,0.32711,2.1069,7.7782,,5,3,2,0,5
FMC_AP,1,82,3.63714,5.0549,126,52.09,0.46079,1.405,45.2548,,7,6,2,1,7
FMC_AP,1,83,3.76661,4.3718,137.436,13.59,0.42251,2.1179,21.4179,16.5309,267,230,172,10,274
FMC_AP,1,84,3.74466,4.0006,138.857,19,0.44851,1.7944,23.1336,20.0818,58,54,28,2,64
FMC_AP,1,85,3.76667,4.1641,130,,0.32042,0.6142,,,6,5,1,0,6
FMC_AP,1,86,3.7,4.9559,158,,0.2,0.0979,,,3,3,1,0,3
FMC_AP,1,87,3.80359,4.4149,139.697,21.486,0.39679,2.42,27.0885,29.778,183,167,109,44,187
FMC_AP,1,88,3.74619,4.3722,142.025,13.165,0.46843,2.2658,21.0983,32.4694,134,122,80,20,141
FMC_AP,1,89,3.70132,4.4259,149.727,25.867,0.3798,2.2814,19.5402,13.8117,22,20,11,3,24
FMC_AP,1,90,4,3.4483,,,,,,,1,1,0,0,1
FMC_AP,1,91,3.73802,4.9778,141.783,49.4,0.32356,3.049,21.3987,,42,40,23,1,44
FMC_AP,1,92,3.78648,4.2037,138.334,59.975,0.41266,2.2866,23.7734,23.759,248,216,148,8,259
FMC_AP,1,93,3.73125,4.5411,141.417,,0.43436,1.9291,22.0267,,32,33,12,0,35
FMC_AP,1,94,3.8225,3.7245,140,,0.22366,2.1031,42.4264,,4,4,2,0,4
FMC_AP,1,95,3.60667,4.4898,143.5,,0.33486,0.4387,31.8198,,3,2,2,0,3
FMC_AP,1,96,3.82903,4.1913,138.146,33.417,0.42563,1.9282,22.4108,29.5261,240,206,137,12,246
FMC_AP,1,97,3.76244,4.4762,140.613,,0.38648,2.2085,25.3518,,61,59,31,0,68
FMC_AP,1,98,3.71667,4.7692,142.5,,0.09832,2.0178,3.5355,,6,5,2,0,6
FMC_AP,1,99,3.42333,10.7508,114.333,10.8,0.48952,11.1071,21.0792,,3,2,3,1,4
FMC_AP,1,100,3.81259,4.5896,136.804,28.217,0.44241,3.2352,23.3662,29.8012,123,108,56,6,125
FMC_AP,1,101,3.82348,4.2083,138.835,17.2,0.41598,1.8997,21.735,11.253,163,147,97,3,165
FMC_AP,1,102,3.54706,5.1158,142.429,,0.59489,2.2266,37.2955,,17,16,7,0,20
FMC_AP,1,104,3.73153,5.1724,132.95,26.733,0.47001,4.0772,19.392,37.6937,32,30,20,3,36
FMC_EUROPE,0,1,3.27676,2.6872,123.527,42.285,0.70929,1.8813,29.2411,45.7061,260,5182,5873,179,2357
FMC_EUROPE,0,2,3.37442,2.7921,125.753,32.906,0.65818,1.9662,29.0883,37.7546,354,5961,6468,218,2532
FMC_EUROPE,0,3,3.43173,2.7993,127.42,25.525,0.62807,1.8015,28.9804,33.1822,384,6346,6736,262,2609
FMC_EUROPE,0,4,3.44023,2.8459,128.387,27.002,0.61509,1.8663,28.6821,36.5402,417,6558,6885,285,2655
FMC_EUROPE,0,5,3.4892,2.8877,129.188,24.21,0.61036,1.9182,28.6107,33.6091,399,6605,6890,295,2650
FMC_EUROPE,0,6,3.49543,2.9042,129.257,23.925,0.59921,1.8337,27.8501,31.9259,414,6613,6843,265,2648
FMC_EUROPE,0,7,3.49555,2.9253,129.458,26.024,0.56504,1.8497,27.8844,32.9242,380,6617,6793,274,2619
FMC_EUROPE,0,8,3.5264,2.9572,129.275,23.436,0.56262,1.7691,27.8103,30.9463,436,6580,6714,275,2609
FMC_EUROPE,0,9,3.49622,2.9619,130.293,22.593,0.55435,1.7788,27.7654,32.577,414,6619,6688,300,2585
FMC_EUROPE,0,10,3.5451,3.0227,130.676,20.813,0.57729,1.8213,27.703,30.1547,390,6550,6661,272,2577
FMC_EUROPE,0,11,3.58469,2.9926,130.16,19.121,0.58319,1.768,27.5753,27.4009,394,6469,6545,299,2537
FMC_EUROPE,0,12,3.58483,2.9911,130.301,21.692,0.49233,1.6749,27.4146,28.429,435,6517,6530,286,2538
FMC_EUROPE,0,13,3.58268,2.997,130.595,16.112,0.52653,1.8689,27.3611,22.2765,378,6427,6441,277,2517
FMC_EUROPE,0,14,3.61117,3.0156,130.448,19.219,0.55013,1.7482,27.3373,28.0659,352,6339,6389,272,2485
FMC_EUROPE,0,15,3.59433,3.0239,130.851,17.993,0.4957,1.7699,27.3106,26.7683,407,6303,6314,275,2435
FMC_EUROPE,0,16,3.66712,3.0112,130.801,19.458,0.49905,1.7791,27.3888,28.8494,382,6255,6246,296,2447
FMC_EUROPE,0,17,3.61607,3.0245,130.49,17.948,0.51008,1.7455,26.71,26.3125,373,6176,6140,264,2405
FMC_EUROPE,0,18,3.61889,3.0347,131.019,17.311,0.5299,1.6504,26.9842,27.0992,355,6064,6067,263,2350
FMC_EUROPE,0,19,3.64216,3.0266,130.957,17.066,0.55455,1.7547,27.2517,26.0277,369,5993,5965,259,2321
FMC_EUROPE,0,20,3.67739,3.0793,130.839,16.722,0.4562,1.7643,27.0557,22.7334,368,5916,5887,259,2323
FMC_EUROPE,0,21,3.64369,3.0839,130.555,14.989,0.55619,1.7552,26.4726,21.8693,407,5896,5822,268,2292
FMC_EUROPE,0,22,3.61794,3.1139,131.274,14.236,0.57452,1.8072,26.677,22.3638,364,5789,5754,265,2248
FMC_EUROPE,0,23,3.6837,3.0802,130.972,14.639,0.5217,1.821,27.0419,22.4385,343,5749,5691,240,2221
FMC_EUROPE,0,24,3.65718,3.0473,131.037,15.057,0.49025,1.6679,26.9994,22.2117,356,5671,5598,244,2196
FMC_EUROPE,0,25,3.67388,3.0529,131.169,17.762,0.50943,1.8142,26.4801,25.9599,370,5641,5554,249,2184
FMC_EUROPE,0,26,3.63128,3.0735,131.372,12.78,0.49394,1.65,26.6129,19.2491,362,5589,5470,231,2178
FMC_EUROPE,0,27,3.64313,3.0671,131.504,17.094,0.56602,1.7379,26.4611,25.2033,312,5462,5410,216,2127
FMC_EUROPE,0,28,3.65905,3.0909,131.878,15.844,0.49424,1.6677,26.4038,23.8305,327,5487,5358,230,2118
FMC_EUROPE,0,29,3.67266,3.0888,131.531,13.95,0.48734,1.7007,26.061,21.4401,357,5389,5290,245,2092
FMC_EUROPE,0,30,3.69,3.1321,131.436,14.642,0.49857,1.7374,25.88,23.5336,364,5306,5196,242,2073
FMC_EUROPE,0,31,3.66622,3.1209,131.629,15.184,0.58521,1.6827,26.1262,24.6788,313,5213,5119,244,2026
FMC_EUROPE,0,32,3.67665,3.1252,131.867,15.734,0.50759,1.8185,25.8094,22.6282,320,5150,5045,211,1984
FMC_EUROPE,0,33,3.66242,3.1179,131.907,16.716,0.47619,1.7195,25.8373,24.9319,302,5033,4934,219,1927
FMC_EUROPE,0,34,3.7075,3.1223,131.538,16,0.58555,1.747,25.8539,25.8229,360,4998,4881,240,1959
FMC_EUROPE,0,35,3.67279,3.1196,131.901,12.814,0.52078,1.7842,26.1682,23.0943,331,4929,4797,225,1913
FMC_EUROPE,0,36,3.72997,3.1057,132.054,14.946,0.53812,1.6711,25.9205,22.2897,330,4890,4772,214,1919
FMC_EUROPE,0,37,3.70537,3.1255,132.267,14.319,0.48152,1.7285,26.0171,24.1186,298,4802,4690,223,1852
FMC_EUROPE,0,38,3.71018,3.0934,132.034,15.167,0.48116,1.7077,25.7133,23.1189,312,4766,4638,219,1882
FMC_EUROPE,0,39,3.67541,3.1041,132.56,14.352,0.47389,1.7572,26.2835,22.7922,293,4715,4611,212,1826
FMC_EUROPE,0,40,3.70817,3.098,132.39,11.902,0.5248,1.7014,26.5762,20.5766,296,4700,4549,201,1838
FMC_EUROPE,0,41,3.76745,3.1331,132.235,14.305,0.5102,1.7236,25.7892,22.2803,278,4639,4513,202,1812
FMC_EUROPE,0,42,3.72835,3.1591,132.266,15.243,0.4583,1.7914,25.8765,22.4472,312,4572,4455,235,1790
FMC_EUROPE,0,43,3.64812,3.1358,132.776,12.544,0.48422,1.7031,25.8797,21.4018,287,4564,4427,232,1794
FMC_EUROPE,0,44,3.74084,3.1311,132.75,14.531,0.50715,1.7166,25.6778,24.1822,307,4495,4334,201,1755
FMC_EUROPE,0,45,3.75075,3.1302,132.537,15.931,0.46957,1.6432,26.0088,24.2457,256,4416,4273,179,1713
FMC_EUROPE,0,46,3.76163,3.1583,132.243,15.341,0.51384,1.8059,26.1289,25.4169,275,4377,4230,195,1700
FMC_EUROPE,0,47,3.72545,3.155,132.341,14.018,0.5376,1.7578,26.0654,22.8749,309,4363,4203,215,1708
FMC_EUROPE,0,48,3.7569,3.1657,132.551,11.973,0.53601,1.704,25.9738,23.6393,296,4298,4150,213,1680
FMC_EUROPE,0,49,3.75736,3.1436,132.463,13.453,0.49961,1.8456,26.3172,24.5823,264,4229,4107,174,1658
FMC_EUROPE,0,50,3.72986,3.1602,132.218,13.298,0.49323,1.8153,26.4565,24.506,278,4229,4083,203,1641
FMC_EUROPE,0,51,3.71823,3.1525,132.728,13.162,0.47061,1.8084,26.614,18.32,286,4092,3990,194,1621
FMC_EUROPE,0,52,3.76256,3.139,132.425,10.324,0.49884,1.7238,26.5926,16.2407,263,4066,3917,192,1615
FMC_EUROPE,0,53,3.77075,3.1201,132.6,12.762,0.58594,1.8031,26.6277,16.0233,285,4048,3883,189,1583
FMC_EUROPE,0,54,3.73782,3.1561,132.131,17.425,0.5089,1.8155,26.8924,25.877,261,3992,3858,195,1544
FMC_EUROPE,0,55,3.75377,3.1671,132.493,17.089,0.48851,1.8513,27.0582,27.1194,280,3954,3810,196,1556
FMC_EUROPE,0,56,3.7121,3.202,132.38,11.222,0.48989,1.8525,26.4566,20.6666,264,3915,3747,170,1536
FMC_EUROPE,0,57,3.7114,3.1994,132.529,13.778,0.50043,1.6763,26.872,24.8166,269,3831,3685,195,1507
FMC_EUROPE,0,58,3.77739,3.1929,132.703,14.097,0.52882,1.7139,26.3129,22.4701,242,3745,3599,162,1470
FMC_EUROPE,0,59,3.72737,3.1971,132.272,13.568,0.47794,1.838,26.5953,23.1,213,3685,3559,184,1436
FMC_EUROPE,0,60,3.75672,3.1677,132.397,13.817,0.45763,1.7459,26.4469,23.9454,275,3681,3508,186,1452
FMC_EUROPE,0,61,3.72255,3.1686,132.244,13.729,0.52402,1.766,26.6345,25.2824,271,3637,3499,175,1443
FMC_EUROPE,0,62,3.76222,3.152,131.991,12.435,0.47625,1.7335,26.461,20.7848,263,3618,3435,179,1441
FMC_EUROPE,0,63,3.77634,3.1641,132.663,17.166,0.49598,1.6694,27.0419,28.6264,216,3542,3401,159,1376
FMC_EUROPE,0,64,3.78458,3.2017,132.431,10.978,0.49422,1.7174,26.4203,16.7758,245,3477,3331,176,1376
FMC_EUROPE,0,65,3.75284,3.1608,132.872,11.295,0.47496,1.7208,27.0404,20.0187,249,3453,3281,182,1379
FMC_EUROPE,0,66,3.75342,3.182,132.628,12.386,0.50016,1.7278,26.6718,20.2127,238,3340,3189,160,1333
FMC_EUROPE,0,67,3.80626,3.1618,132.163,12.576,0.48792,1.6941,26.4371,21.5576,238,3325,3143,172,1328
FMC_EUROPE,0,68,3.75398,3.1675,132.332,15.575,0.46079,1.6627,26.241,24.1137,249,3302,3151,206,1291
FMC_EUROPE,0,69,3.76399,3.155,132.183,10.351,0.46333,1.643,26.4137,15.7951,253,3296,3116,169,1301
FMC_EUROPE,0,70,3.76591,3.1556,132.576,11.844,0.49973,1.6336,26.3,19.4228,240,3221,3036,158,1286
FMC_EUROPE,0,71,3.81817,3.2328,133.208,14.327,0.51449,1.7502,26.5575,25.5875,219,3115,2972,142,1252
FMC_EUROPE,0,72,3.77016,3.2207,133.06,11.836,0.47999,1.775,26.6659,19.6592,188,3030,2899,152,1197
FMC_EUROPE,0,73,3.77022,3.1746,133.025,12.491,0.5569,1.682,26.0083,21.0058,232,3045,2857,169,1207
FMC_EUROPE,0,74,3.80045,3.1986,133.294,10.136,0.45,1.7643,26.2879,19.7196,219,2975,2814,149,1207
FMC_EUROPE,0,75,3.76458,3.1423,132.6,9.908,0.51809,1.6473,26.3816,18.4466,237,2943,2768,157,1180
FMC_EUROPE,0,76,3.75806,3.1596,132.876,12.319,0.50678,1.6864,26.615,19.0773,222,2872,2725,155,1146
FMC_EUROPE,0,77,3.79566,3.1731,133.137,13.093,0.45066,1.6594,25.8813,23.068,198,2860,2687,162,1135
FMC_EUROPE,0,78,3.76774,3.1626,132.89,11.944,0.49683,1.7232,26.3123,19.4596,208,2821,2653,144,1141
FMC_EUROPE,0,79,3.78966,3.1735,133.383,10.87,0.4915,1.6766,26.2788,20.4458,233,2799,2630,137,1137
FMC_EUROPE,0,80,3.74711,3.1281,133.634,14.734,0.47901,1.6348,27.2114,25.7431,209,2753,2592,152,1102
FMC_EUROPE,0,81,3.80201,3.1557,133.321,13.749,0.5176,1.7333,27.4513,22.555,193,2699,2548,156,1081
FMC_EUROPE,0,82,3.81659,3.1928,132.895,10.793,0.49671,1.6998,26.5741,23.1107,226,2665,2497,144,1093
FMC_EUROPE,0,83,3.8148,3.1909,132.996,12.067,0.5072,1.8118,27.0933,23.6228,204,2625,2451,150,1073
FMC_EUROPE,0,84,3.76683,3.2205,133.45,12.872,0.54088,1.6962,26.5163,20.8797,200,2573,2417,143,1032
FMC_EUROPE,0,85,3.81423,3.2037,133.681,10.65,0.42418,1.6296,26.865,18.1643,180,2581,2395,129,1037
FMC_EUROPE,0,86,3.82334,3.1871,134.262,13.801,0.53566,1.704,26.7232,24.0139,223,2543,2370,154,1030
FMC_EUROPE,0,87,3.80642,3.1774,134.837,10.287,0.47101,1.7155,26.1851,17.9345,212,2490,2311,146,1029
FMC_EUROPE,0,88,3.75941,3.1817,134.033,10.857,0.46517,1.7283,25.963,20.6513,209,2433,2266,134,998
FMC_EUROPE,0,89,3.79143,3.2296,134.704,13.064,0.49224,1.6918,26.1835,23.5962,180,2369,2210,137,973
FMC_EUROPE,0,90,3.81396,3.1959,134.516,9.802,0.47687,1.6377,26.2226,14.5138,202,2389,2206,136,984
FMC_EUROPE,0,91,3.79842,3.2472,134.883,12.113,0.51821,1.8168,26.3898,23.4983,202,2348,2188,129,962
FMC_EUROPE,0,92,3.76014,3.2835,134.061,10.269,0.46745,1.8744,26.5263,20.2616,174,2302,2135,111,949
FMC_EUROPE,0,93,3.79001,3.2218,134.272,11.743,0.52366,1.6641,26.9076,22.0822,182,2262,2089,133,922
FMC_EUROPE,0,94,3.83898,3.2493,134.26,15.438,0.51732,1.6266,26.7041,25.0702,196,2239,2057,144,924
FMC_EUROPE,0,95,3.7924,3.2112,134.165,11.321,0.48931,1.7233,27.0565,21.5293,196,2194,2021,118,911
FMC_EUROPE,0,96,3.75937,3.2233,134.186,9.419,0.45195,1.6971,26.72,16.7551,171,2175,2005,127,899
FMC_EUROPE,0,97,3.79454,3.1842,134.179,11.642,0.49129,1.6444,26.8971,16.8481,169,2153,1968,119,891
FMC_EUROPE,0,98,3.82262,3.256,134.528,12.418,0.51723,1.7328,26.6458,22.9666,161,2123,1951,111,870
FMC_EUROPE,0,99,3.79815,3.2374,134.161,10.238,0.55637,1.7572,26.5871,18.6754,195,2104,1919,125,878
FMC_EUROPE,0,100,3.73798,3.2215,135.026,10.504,0.53992,1.6206,26.4157,16.9679,175,2022,1866,113,838
FMC_EUROPE,0,101,3.7795,3.2086,134.44,9.48,0.46943,1.6134,27.0946,15.7157,181,2044,1855,129,856
FMC_EUROPE,0,102,3.77799,3.2242,135.159,9.583,0.43185,1.7668,27.2026,17.4889,172,1974,1813,118,833
FMC_EUROPE,0,103,3.80225,3.237,134.053,13.152,0.47501,1.6956,26.1252,23.0517,174,1935,1771,117,812
FMC_EUROPE,0,104,3.76527,3.2663,133.958,8.983,0.51096,1.7455,26.4352,16.3369,169,1909,1733,118,801
FMC_EUROPE,1,1,3.27921,2.7492,125.343,36.187,0.72975,1.8964,28.8323,43.079,375,7547,8550,269,3357
FMC_EUROPE,1,2,3.40538,2.7895,127.409,35.032,0.66037,1.7671,27.9539,39.5256,507,8708,9416,314,3636
FMC_EUROPE,1,3,3.48938,2.8342,128.572,28.535,0.60426,1.7501,27.4679,35.3294,558,9288,9838,358,3791
FMC_EUROPE,1,4,3.47486,2.8434,129.232,32.755,0.60481,1.7136,27.1977,38.3623,581,9558,9992,380,3866
FMC_EUROPE,1,5,3.4685,2.8758,129.644,27.748,0.60147,1.773,27.1822,33.8858,562,9716,10035,367,3900
FMC_EUROPE,1,6,3.4886,2.8754,130.055,30.76,0.59659,1.6932,26.8197,37.4642,590,9782,10097,440,3868
FMC_EUROPE,1,7,3.55376,2.8938,130.571,25.304,0.56425,1.7414,26.2588,32.3789,586,9858,10047,409,3863
FMC_EUROPE,1,8,3.5681,2.9335,130.762,25.27,0.58646,1.6983,26.5365,32.7802,578,9796,9915,369,3799
FMC_EUROPE,1,9,3.55184,2.9489,130.978,25.481,0.61257,1.6981,26.5122,33.127,574,9748,9840,391,3768
FMC_EUROPE,1,10,3.59776,2.9358,131.195,23.531,0.55267,1.6549,26.1717,31.69,580,9690,9749,426,3764
FMC_EUROPE,1,11,3.61726,2.9748,131.779,23.588,0.52438,1.7474,25.8826,31.9538,613,9487,9564,407,3753
FMC_EUROPE,1,12,3.65822,2.9978,132.014,20.426,0.53284,1.7141,26.0397,28.0342,550,9398,9480,397,3611
FMC_EUROPE,1,13,3.61978,2.9665,131.908,20.359,0.54195,1.6882,25.735,25.6467,530,9267,9296,333,3587
FMC_EUROPE,1,14,3.63941,2.9987,132.477,21.795,0.53454,1.6702,25.9255,29.5583,577,9248,9210,427,3571
FMC_EUROPE,1,15,3.58905,3.0081,132.629,20.656,0.54868,1.7389,26.0355,28.4202,546,9150,9097,373,3502
FMC_EUROPE,1,16,3.62663,3.0023,132.439,17.705,0.52564,1.6529,26.3225,25.4312,550,9113,9076,346,3482
FMC_EUROPE,1,17,3.65543,3.0119,132.595,19.476,0.50869,1.6361,25.9843,27.766,542,8968,8916,350,3451
FMC_EUROPE,1,18,3.63227,3.0465,132.702,19.372,0.5292,1.6432,26.0127,26.4683,523,8819,8792,394,3421
FMC_EUROPE,1,19,3.65207,3.0315,133.001,20.188,0.53046,1.6868,25.9374,29.2105,512,8706,8633,361,3345
FMC_EUROPE,1,20,3.68389,3.0379,133.272,18.143,0.486,1.6501,26.008,25.3449,562,8646,8541,374,3337
FMC_EUROPE,1,21,3.71685,3.0499,132.884,19.71,0.49357,1.6385,25.8612,26.8283,496,8524,8444,314,3287
FMC_EUROPE,1,22,3.68449,3.043,133.18,16.624,0.52769,1.5891,25.796,22.8663,525,8374,8342,366,3223
FMC_EUROPE,1,23,3.68113,3.0455,133.366,19.162,0.51949,1.6356,26.1583,28.7872,497,8385,8249,354,3206
FMC_EUROPE,1,24,3.68091,3.0551,133.175,18.198,0.50302,1.6244,25.8405,26.1951,489,8275,8138,329,3166
FMC_EUROPE,1,25,3.7516,3.0643,133.32,16.098,0.4826,1.6408,25.7476,22.9478,484,8162,8038,337,3126
FMC_EUROPE,1,26,3.69013,3.0605,133.832,19.581,0.51025,1.6695,25.7405,25.1377,495,8032,7892,323,3083
FMC_EUROPE,1,27,3.69592,3.0549,133.933,16.96,0.51312,1.6205,25.7528,25.4183,494,7981,7836,359,3070
FMC_EUROPE,1,28,3.719,3.0417,134.098,17.342,0.52219,1.5987,26.3362,26.0332,467,7802,7705,305,2986
FMC_EUROPE,1,29,3.71431,3.0693,134.018,16.908,0.51126,1.6302,26.116,25.195,519,7748,7591,338,3007
FMC_EUROPE,1,30,3.70446,3.0805,133.869,16.601,0.52493,1.62,25.7363,24.1244,456,7634,7479,318,2931
FMC_EUROPE,1,31,3.73602,3.0918,134.237,14.757,0.49954,1.6171,25.9499,23.1379,500,7541,7394,351,2937
FMC_EUROPE,1,32,3.74179,3.0979,134.751,17.739,0.52903,1.6544,26.3318,24.3826,463,7390,7272,321,2832
FMC_EUROPE,1,33,3.72934,3.0793,134.102,17.881,0.50554,1.619,25.9619,28.7104,458,7389,7198,306,2862
FMC_EUROPE,1,34,3.79021,3.0961,134.385,17.41,0.48761,1.6028,25.8786,23.0811,446,7258,7101,304,2779
FMC_EUROPE,1,35,3.73702,3.0938,134.676,14.858,0.54148,1.6474,26.1034,20.788,467,7146,6975,309,2751
FMC_EUROPE,1,36,3.7634,3.0821,134.46,14.835,0.50011,1.583,25.9503,20.6168,453,7016,6863,310,2716
FMC_EUROPE,1,37,3.72442,3.0944,134.5,15.372,0.49316,1.5965,25.6541,22.3259,409,6983,6823,277,2691
FMC_EUROPE,1,38,3.78504,3.1108,134.44,15.459,0.51379,1.6362,25.5237,24.1791,469,6900,6718,310,2658
FMC_EUROPE,1,39,3.7774,3.1081,134.815,17.818,0.49425,1.6402,25.6504,26.328,445,6840,6629,310,2645
FMC_EUROPE,1,40,3.78423,3.092,134.8,13.72,0.47709,1.6231,25.8718,19.1638,419,6771,6571,308,2609
FMC_EUROPE,1,41,3.77008,3.1044,134.847,14.544,0.48322,1.5723,26.0252,22.3062,404,6722,6507,269,2564
FMC_EUROPE,1,42,3.77122,3.1034,134.766,15.951,0.51668,1.613,25.7375,25.5094,447,6609,6411,291,2566
FMC_EUROPE,1,43,3.82079,3.1128,134.701,15.14,0.51592,1.6101,26.0023,22.7702,383,6526,6341,298,2496
FMC_EUROPE,1,44,3.77671,3.1333,135.198,15.696,0.52744,1.6183,25.7213,24.7025,422,6453,6257,288,2494
FMC_EUROPE,1,45,3.79404,3.1205,135.223,14.616,0.50304,1.6093,25.8618,23.1079,390,6348,6158,283,2412
FMC_EUROPE,1,46,3.74742,3.1496,134.87,17.081,0.47207,1.6562,25.3884,26.6932,436,6339,6097,295,2468
FMC_EUROPE,1,47,3.82995,3.1421,135.281,18.056,0.47944,1.6084,25.7756,26.6952,364,6178,5977,267,2373
FMC_EUROPE,1,48,3.7982,3.184,134.955,12.653,0.51221,1.7214,25.4419,18.8091,391,6168,5928,274,2412
FMC_EUROPE,1,49,3.75445,3.1462,135.064,15.058,0.4946,1.6276,25.3909,21.9718,384,6001,5784,278,2329
FMC_EUROPE,1,50,3.78059,3.1494,135.283,14.144,0.46892,1.6201,25.5899,23.3261,396,6025,5800,265,2346
FMC_EUROPE,1,51,3.81838,3.1517,135.639,10.818,0.48475,1.6575,25.5535,20.488,368,5939,5743,257,2281
FMC_EUROPE,1,52,3.808,3.1552,135.554,15.38,0.49368,1.6164,25.519,21.2923,375,5856,5667,260,2300
FMC_EUROPE,1,53,3.76677,3.1513,134.891,12.809,0.51346,1.6183,24.6701,21.6682,407,5778,5583,265,2251
FMC_EUROPE,1,54,3.81799,3.1416,135.225,15.358,0.47231,1.5973,25.0978,24.0448,385,5729,5505,252,2226
FMC_EUROPE,1,55,3.82531,3.1462,135.018,18.216,0.51181,1.6045,25.1577,30.2702,392,5660,5454,264,2200
FMC_EUROPE,1,56,3.83084,3.1613,135.081,13.793,0.46239,1.6028,25.3056,20.2769,363,5632,5416,262,2203
FMC_EUROPE,1,57,3.83047,3.1848,134.626,13.429,0.4908,1.7158,25.061,22.6512,362,5599,5374,259,2191
FMC_EUROPE,1,58,3.78357,3.1482,134.195,14.86,0.4712,1.6434,25.3369,24.4321,366,5489,5291,256,2126
FMC_EUROPE,1,59,3.85178,3.1716,134.442,16.006,0.44898,1.6593,25.2169,24.4694,390,5464,5239,270,2136
FMC_EUROPE,1,60,3.84559,3.1898,134.454,13.273,0.47046,1.603,25.3801,21.9884,330,5371,5164,235,2071
FMC_EUROPE,1,61,3.82285,3.1863,134.605,10.333,0.50031,1.7131,25.0649,16.1518,350,5379,5113,238,2109
FMC_EUROPE,1,62,3.83636,3.1659,134.86,12.015,0.487,1.5804,25.1568,22.8713,352,5253,5034,227,2031
FMC_EUROPE,1,63,3.82545,3.1988,134.251,12.845,0.5169,1.6019,25.1265,19.2688,345,5137,4907,235,2002
FMC_EUROPE,1,64,3.82793,3.1737,134.268,15.483,0.49846,1.6469,25.4274,29.1771,354,5124,4889,237,2001
FMC_EUROPE,1,65,3.82968,3.1883,134.378,12.111,0.47132,1.6292,25.0673,19.9756,330,5040,4813,209,1973
FMC_EUROPE,1,66,3.80753,3.2162,134.638,13.26,0.47317,1.6734,25.5739,22.0583,355,5035,4750,238,1976
FMC_EUROPE,1,67,3.78902,3.1843,134.686,11.059,0.44868,1.6076,25.4169,17.7729,315,4872,4684,205,1898
FMC_EUROPE,1,68,3.86477,3.1659,134.112,12.802,0.47725,1.6013,25.0806,20.9764,336,4884,4636,244,1920
FMC_EUROPE,1,69,3.80506,3.2113,134.191,15.809,0.46312,1.6423,25.0851,25.2499,334,4799,4566,228,1885
FMC_EUROPE,1,70,3.81754,3.1988,134.629,13.722,0.51373,1.588,25.2261,21.7809,331,4751,4505,235,1854
FMC_EUROPE,1,71,3.82727,3.1912,134.452,14.024,0.45607,1.5836,25.4602,25.2441,342,4648,4433,221,1821
FMC_EUROPE,1,72,3.86018,3.171,133.93,12.996,0.48409,1.5745,25.3985,22.3898,328,4631,4376,219,1822
FMC_EUROPE,1,73,3.88651,3.2002,134.297,12.69,0.46394,1.586,25.6429,19.3074,326,4552,4322,219,1806
FMC_EUROPE,1,74,3.79467,3.2209,134.492,12.09,0.52613,1.6384,25.1232,18.3084,316,4447,4208,211,1773
FMC_EUROPE,1,75,3.83264,3.2637,134.542,11.383,0.4881,1.6856,25.84,21.3809,313,4366,4137,214,1721
FMC_EUROPE,1,76,3.80024,3.1944,135.003,14.11,0.48516,1.539,25.8613,23.9705,290,4336,4099,213,1703
FMC_EUROPE,1,77,3.86712,3.2165,135.007,14.502,0.45539,1.6362,25.3391,24.3962,313,4260,4036,223,1690
FMC_EUROPE,1,78,3.84491,3.2064,134.71,11.209,0.4681,1.5777,25.6687,19.7883,316,4212,3959,226,1684
FMC_EUROPE,1,79,3.85862,3.2198,135.069,11.212,0.51157,1.6019,25.5666,21.4271,300,4142,3906,191,1633
FMC_EUROPE,1,80,3.8368,3.2195,135.177,14.392,0.43313,1.6057,26.0965,25.2879,291,4126,3871,211,1636
FMC_EUROPE,1,81,3.85115,3.2226,135.804,12.712,0.50031,1.5721,25.8259,21.7047,314,4068,3819,223,1619
FMC_EUROPE,1,82,3.84977,3.2862,135.853,13.792,0.4819,1.7231,25.5886,22.7859,307,4014,3764,208,1604
FMC_EUROPE,1,83,3.83948,3.241,135.309,11.815,0.47498,1.5881,25.7529,20.864,311,3975,3702,215,1587
FMC_EUROPE,1,84,3.84128,3.2404,136.207,13.519,0.53062,1.6272,25.3215,22.6969,256,3882,3634,178,1540
FMC_EUROPE,1,85,3.84304,3.2182,135.397,13.317,0.50713,1.5658,25.5881,23.5223,327,3857,3603,221,1568
FMC_EUROPE,1,86,3.86249,3.2748,135.817,11.378,0.43357,1.6392,25.1557,21.3051,260,3768,3523,198,1488
FMC_EUROPE,1,87,3.84045,3.2915,135.917,11.503,0.51417,1.6448,25.3033,17.9172,284,3714,3461,204,1496
FMC_EUROPE,1,88,3.84267,3.2551,136.311,9.089,0.48576,1.5957,25.2345,16.5278,295,3667,3407,188,1462
FMC_EUROPE,1,89,3.85779,3.2337,136.406,13.695,0.50876,1.6116,25.0787,22.7904,272,3590,3351,181,1436
FMC_EUROPE,1,90,3.85407,3.242,136.275,14.886,0.46428,1.6048,25.2682,25.6728,268,3557,3315,209,1423
FMC_EUROPE,1,91,3.87865,3.241,136.421,12.167,0.45095,1.6164,25.5562,18.9551,289,3550,3266,191,1445
FMC_EUROPE,1,92,3.82026,3.2113,136.611,11.282,0.49571,1.5883,24.8763,21.7591,269,3470,3227,191,1403
FMC_EUROPE,1,93,3.8359,3.2493,135.94,11.702,0.52709,1.6309,25.188,21.0595,247,3399,3175,171,1369
FMC_EUROPE,1,94,3.87265,3.2435,136.651,11.353,0.43565,1.591,25.4803,21.1038,265,3401,3134,201,1392
FMC_EUROPE,1,95,3.89002,3.2702,136.525,11.097,0.48484,1.7056,25.4026,17.1494,268,3338,3108,177,1351
FMC_EUROPE,1,96,3.87217,3.2553,136.595,11.58,0.49513,1.62,25.6516,19.2832,253,3315,3076,190,1347
FMC_EUROPE,1,97,3.84622,3.2615,136.4,12,0.49928,1.6132,25.0108,22.0494,245,3274,3044,166,1307
FMC_EUROPE,1,98,3.8811,3.2826,136.37,14.55,0.50153,1.5936,25.6889,26.1049,261,3200,2961,188,1298
FMC_EUROPE,1,99,3.87687,3.3118,135.75,10.886,0.45009,1.7335,24.9896,16.7086,247,3160,2912,174,1303
FMC_EUROPE,1,100,3.88888,3.2671,136.282,12.123,0.47196,1.6739,25.5289,20.1789,251,3111,2841,167,1281
FMC_EUROPE,1,101,3.8364,3.3148,136.524,12.852,0.48106,1.6933,25.2269,26.3535,244,3072,2821,165,1260
FMC_EUROPE,1,102,3.89728,3.2668,136.535,13.592,0.48693,1.5708,25.1169,25.399,224,3016,2779,171,1228
FMC_EUROPE,1,103,3.86275,3.2722,136.144,10.506,0.48321,1.6608,25.3728,17.5237,244,2969,2733,183,1215
FMC_EUROPE,1,104,3.90573,3.2368,136.527,12.988,0.48898,1.5144,25.5629,23.4593,239,2890,2660,171,1198
FMC_LA,0,1,3.21534,2.8684,120.851,,0.55381,2.4777,24.3201,,58,34,316,0,341
FMC_LA,0,2,3.28859,3.482,123.516,,0.54797,3.8943,25.0631,,99,33,428,0,466
FMC_LA,0,3,3.29838,2.2721,122.654,,0.60706,2.6123,24.6678,,130,40,457,0,497
FMC_LA,0,4,3.34669,2.8332,125.538,,0.56124,2.391,22.7533,,133,38,448,0,489
FMC_LA,0,5,3.39246,3.4731,126.992,,0.57309,2.9971,22.5209,,126,42,505,0,521
FMC_LA,0,6,3.32912,2.8248,125.543,,0.52971,2.2263,22.4207,,125,41,530,0,548
FMC_LA,0,7,3.36748,3.5346,125.257,,0.50843,4.712,23.4992,,143,43,518,0,542
FMC_LA,0,8,3.43911,3.667,126.994,,0.52629,2.4363,22.3971,,135,40,469,0,483
FMC_LA,0,9,3.46597,2.3261,128,,0.49202,2.0052,22.0606,,154,39,494,0,514
FMC_LA,0,10,3.43824,3.8995,127.173,,0.52985,3.1561,22.2191,,159,35,515,0,525
FMC_LA,0,11,3.49882,3.4484,125.035,,0.46883,2.2081,22.2879,,136,36,491,0,507
FMC_LA,0,12,3.47412,3.6379,126.127,,0.48352,2.2172,22.7831,,114,39,466,0,477
FMC_LA,0,13,3.48242,2.8771,128.207,,0.50807,1.6009,21.7582,,120,43,460,0,473
FMC_LA,0,14,3.53246,3.2597,128.433,,0.43443,2.3692,22.3358,,130,33,457,0,467
FMC_LA,0,15,3.50626,4.2629,127.877,,0.53024,3.6017,22.1168,,139,35,462,0,478
FMC_LA,0,16,3.52301,3.3673,125.154,,0.48744,2.7087,22.17,,136,37,474,0,490
FMC_LA,0,17,3.52892,3.1725,128.245,,0.47773,2.2511,22.077,,130,46,444,0,452
FMC_LA,0,18,3.48406,3.108,127.944,,0.48324,2.4803,22.6083,,143,42,449,0,461
FMC_LA,0,19,3.60145,2.9452,128.825,,0.41788,2.3924,21.5808,,117,34,445,0,464
FMC_LA,0,20,3.57771,3.4648,127.155,,0.45647,1.875,22.6553,,118,32,459,0,469
FMC_LA,0,21,3.53944,3.6587,129.563,,0.43525,2.4908,20.5942,,124,40,412,0,427
FMC_LA,0,22,3.6559,3.3036,128.627,,0.41845,1.9522,23.2273,,122,38,434,0,448
FMC_LA,0,23,3.58143,3.9102,128.046,,0.427,3.093,21.3108,,126,36,459,0,474
FMC_LA,0,24,3.6023,3.1851,128.113,,0.46199,2.3172,22.4982,,126,31,424,0,436
FMC_LA,0,25,3.56667,3.5301,127.628,,0.42588,2.861,21.8623,,96,33,401,0,413
FMC_LA,0,26,3.58612,2.94,130.799,,0.48867,1.8748,21.9677,,129,42,417,0,430
FMC_LA,0,27,3.60206,2.7278,129.941,,0.43423,1.8721,22.5968,,126,25,425,0,435
FMC_LA,0,28,3.60681,3.3403,127.904,,0.49158,2.4576,20.5807,,119,24,428,0,441
FMC_LA,0,29,3.57064,3.2366,128.472,,0.49838,1.7894,22.1643,,125,31,413,0,426
FMC_LA,0,30,3.67047,3.0225,129.34,,0.43047,2.1895,22.2806,,106,34,382,0,395
FMC_LA,0,31,3.6218,2.8154,128.992,,0.46991,2.2897,20.8392,,111,28,382,0,394
FMC_LA,0,32,3.62379,3.043,129.031,,0.44372,1.9422,21.219,,124,33,416,0,429
FMC_LA,0,33,3.57116,3.2,128.505,,0.43771,1.9943,21.7592,,112,32,426,0,436
FMC_LA,0,34,3.5908,3.4502,130.044,,0.44908,2.5006,22.5438,,100,49,363,0,373
FMC_LA,0,35,3.66167,2.766,130.549,,0.42835,2.0262,22.2943,,108,33,366,0,380
FMC_LA,0,36,3.66677,2.8058,131.256,,0.39816,1.6089,21.506,,127,35,422,0,428
FMC_LA,0,37,3.63528,4.2451,129.353,,0.51105,3.6901,21.9174,,108,31,374,0,384
FMC_LA,0,38,3.62088,2.8672,129.372,,0.40793,2.0208,22.3264,,102,34,376,0,385
FMC_LA,0,39,3.6868,3.4937,130.221,,0.48312,2.3108,22.0853,,97,42,349,0,361
FMC_LA,0,40,3.64218,2.557,131.026,,0.39904,2.1809,21.268,,87,25,380,0,391
FMC_LA,0,41,3.66562,3.6514,129.967,,0.48865,2.6775,22.1675,,121,30,394,0,402
FMC_LA,0,42,3.5887,4.3234,128.852,,0.43395,2.9569,22.2321,,108,29,364,0,376
FMC_LA,0,43,3.59179,2.6386,131.16,,0.4671,2.2659,22.1278,,95,28,325,0,332
FMC_LA,0,44,3.57688,2.4647,128.847,,0.4718,2.2681,21.7273,,109,26,379,0,389
FMC_LA,0,45,3.73489,3.2628,128.709,,0.33176,2.5043,22.7213,,88,32,368,0,377
FMC_LA,0,46,3.67268,3.5985,129.048,,0.44363,2.6304,22.4193,,97,25,373,0,381
FMC_LA,0,47,3.68753,4.4477,130.497,,0.44391,2.3206,22.5094,,89,20,328,0,337
FMC_LA,0,48,3.62722,4.0472,131.283,,0.43711,2.941,23.2868,,97,19,361,0,370
FMC_LA,0,49,3.6669,3.8722,130.207,,0.41016,2.4575,20.301,,113,22,367,0,380
FMC_LA,0,50,3.63782,2.9272,130.14,,0.44025,2.7971,22.1301,,110,33,365,0,376
FMC_LA,0,51,3.65965,3.6602,128.9,,0.40362,2.1136,21.6009,,85,28,331,0,335
FMC_LA,0,52,3.61833,3.3918,129.76,,0.40615,2.8118,20.8818,,96,21,317,0,329
FMC_LA,0,53,3.7372,2.6627,130.238,,0.41567,2.0546,20.9825,,93,20,341,0,348
FMC_LA,0,54,3.69213,4.1303,130.128,,0.39449,2.6056,19.9287,,94,23,352,0,359
FMC_LA,0,55,3.70596,3.7688,128.775,,0.41307,2.8026,22.0327,,89,26,347,0,359
FMC_LA,0,56,3.66189,3.9523,129.271,,0.43211,2.2381,20.5612,,95,27,292,0,302
FMC_LA,0,57,3.74708,3.8216,130.372,,0.36842,2.0315,21.0385,,72,21,339,0,343
FMC_LA,0,58,3.66543,3.3765,130.994,,0.39367,2.2706,20.0423,,92,22,345,0,359
FMC_LA,0,59,3.64395,3.0289,129.464,,0.50063,2.0301,22.8381,,86,27,323,0,333
FMC_LA,0,60,3.58989,4.3425,130.013,,0.43725,3.5161,21.071,,89,29,309,0,313
FMC_LA,0,61,3.7031,2.6332,130.553,,0.38563,2.1515,20.0041,,84,21,311,0,320
FMC_LA,0,62,3.61711,3.4324,129.609,,0.44886,1.7987,20.7035,,83,20,330,0,336
FMC_LA,0,63,3.6994,3.3773,129.185,,0.46385,2.4174,21.6861,,83,27,336,0,341
FMC_LA,0,64,3.69879,2.9685,129.591,,0.32023,2.2995,19.5415,,91,26,313,0,318
FMC_LA,0,65,3.71514,3.3196,130.64,,0.39431,2.3261,21.6762,,72,23,289,0,297
FMC_LA,0,66,3.70776,2.8464,129.411,,0.39968,1.9391,19.9799,,76,17,309,0,320
FMC_LA,0,67,3.64527,4.44,130.387,,0.4038,4.4663,20.874,,93,26,323,0,326
FMC_LA,0,68,3.69035,4.2004,131.062,,0.39146,3.6882,21.3203,,86,22,306,0,316
FMC_LA,0,69,3.61616,3.2644,130.314,,0.42787,2.0666,20.8644,,73,28,290,0,297
FMC_LA,0,70,3.66301,3.4034,130.413,,0.34543,2.9683,20.2226,,83,14,305,0,310
FMC_LA,0,71,3.68082,3.4732,130.836,,0.40265,1.83,19.0667,,85,21,304,0,312
FMC_LA,0,72,3.65383,2.6668,129.428,,0.40809,2.016,21.9405,,81,19,313,0,321
FMC_LA,0,73,3.73963,3.2731,129.94,,0.38073,2.187,20.2994,,82,31,281,0,283
FMC_LA,0,74,3.75224,2.8241,131.602,,0.40217,1.9964,23.8143,,67,22,294,0,300
FMC_LA,0,75,3.73663,2.5456,130.219,,0.41363,1.0784,20.2626,,92,21,315,0,323
FMC_LA,0,76,3.72,4.0909,130.048,,0.38727,2.5745,21.0427,,71,11,273,0,283
FMC_LA,0,77,3.72358,4.1469,130.744,,0.44672,2.486,20.5468,,67,32,281,0,284
FMC_LA,0,78,3.68573,3.6036,131.599,,0.43636,2.6243,22.0078,,82,24,274,0,276
FMC_LA,0,79,3.65522,3.8813,129.694,,0.52422,2.8277,18.9423,,67,17,288,0,293
FMC_LA,0,80,3.6995,3.1959,129.64,,0.41559,2.2293,20.5156,,80,23,283,0,295
FMC_LA,0,81,3.75957,3.9825,129.06,,0.31866,1.4376,21.414,,69,26,268,0,275
FMC_LA,0,82,3.75328,4.2409,130.315,,0.45892,2.6272,21.0159,,64,24,270,0,275
FMC_LA,0,83,3.8088,3.5455,131.071,,0.31853,1.7661,21.7883,,75,24,296,0,299
FMC_LA,0,84,3.71824,3.3186,131.286,,0.42299,2.2145,20.4835,,74,20,287,0,297
FMC_LA,0,85,3.61403,3.3039,130.651,,0.41845,2.0578,23.1406,,67,15,255,0,266
FMC_LA,0,86,3.65079,3.8236,129.45,,0.43436,3.8405,21.4895,,63,20,258,0,262
FMC_LA,0,87,3.7168,2.6577,132.152,,0.41467,2.1087,21.0479,,75,20,270,0,277
FMC_LA,0,88,3.7128,4.4952,130.806,,0.40679,4.0649,21.8738,,75,19,288,0,294
FMC_LA,0,89,3.67162,3.5164,132.051,,0.43786,2.6288,22.4517,,68,22,256,0,263
FMC_LA,0,90,3.59209,3.7146,129.057,,0.43489,1.9434,20.5246,,67,16,263,0,267
FMC_LA,0,91,3.71988,3.4114,132.622,,0.42208,1.8189,22.7639,,80,19,249,0,255
FMC_LA,0,92,3.75527,3.1494,131.325,,0.43549,2.6806,20.3402,,74,17,271,0,278
FMC_LA,0,93,3.73188,4.0428,131.594,,0.39908,2.5518,21.1135,,69,25,266,0,279
FMC_LA,0,94,3.714,4.3895,130.149,,0.34834,2.5605,23.004,,65,18,262,0,268
FMC_LA,0,95,3.67115,3.0581,132.372,,0.38181,2.1085,22.0848,,61,17,239,0,247
FMC_LA,0,96,3.64826,3.7215,131.603,,0.52046,2.6436,21.6025,,69,20,272,0,275
FMC_LA,0,97,3.67714,3.3177,131.47,,0.43915,2.3304,19.522,,70,26,264,0,274
FMC_LA,0,98,3.61824,3.1874,130.626,,0.40416,2.0094,21.2958,,51,22,227,0,235
FMC_LA,0,99,3.61027,4.0085,130.56,,0.45216,2.2973,21.0762,,75,21,248,0,253
FMC_LA,0,100,3.76691,3.212,132.564,,0.35781,2.3684,21.3598,,55,25,257,0,265
FMC_LA,0,101,3.78036,4.043,130.552,,0.33166,2.0063,20.438,,56,21,248,0,251
FMC_LA,0,102,3.69845,3.2751,132.637,,0.44603,2.6938,21.6379,,58,22,245,0,250
FMC_LA,0,103,3.66283,3.508,130.277,,0.39229,2.5677,22.6828,,60,16,249,0,251
FMC_LA,0,104,3.75238,3.1787,131.393,,0.34191,2.8508,23.2247,,63,20,229,0,234
FMC_LA,1,1,3.35607,2.7586,121.639,,0.70527,2.0472,23.9845,,61,33,388,0,442
FMC_LA,1,2,3.36443,2.6285,123.153,,0.58448,1.9479,22.7339,,122,56,562,0,607
FMC_LA,1,3,3.45062,2.9514,122.474,,0.61637,2.057,20.9041,,177,46,635,0,691
FMC_LA,1,4,3.47587,3.2049,126.914,,0.5577,2.2051,23.6438,,167,42,686,0,724
FMC_LA,1,5,3.38869,2.9657,126.159,,0.56079,2.4649,22.5549,,191,57,698,0,727
FMC_LA,1,6,3.46739,3.4443,126.576,,0.55246,3.6665,23.3986,,218,58,701,0,728
FMC_LA,1,7,3.57125,2.8113,125.971,,0.51365,2.3254,22.4109,,200,35,715,0,739
FMC_LA,1,8,3.58624,3.071,127.765,,0.53869,1.9046,22.5471,,202,56,701,0,731
FMC_LA,1,9,3.55636,3.2988,127.351,,0.52273,2.415,21.4041,,195,64,678,0,693
FMC_LA,1,10,3.56613,3.0958,128.717,,0.55956,2.244,22.6095,,194,52,692,0,713
FMC_LA,1,11,3.57273,3.2274,127.479,,0.46323,2.505,21.1601,,172,40,668,0,687
FMC_LA,1,12,3.64811,3.4227,128.315,,0.57793,2.2511,21.3664,,190,56,644,0,674
FMC_LA,1,13,3.55216,2.7045,129.178,,0.53691,2.3069,23.8897,,194,50,676,0,698
FMC_LA,1,14,3.54711,3.1598,128.448,,0.51506,2.64,21.7325,,187,43,656,0,680
FMC_LA,1,15,3.66177,3.4061,129.806,,0.4679,2.3522,20.5088,,158,53,623,0,633
FMC_LA,1,16,3.55111,3.3579,127.645,,0.51646,2.5614,21.6464,,180,55,659,0,680
FMC_LA,1,17,3.64309,3.0569,130.528,,0.51815,2.236,22.3261,,191,54,646,0,675
FMC_LA,1,18,3.59142,3.4903,129.216,,0.51209,3.0339,21.4026,,176,45,635,0,649
FMC_LA,1,19,3.60878,3.1394,130.84,,0.49466,2.2706,21.7306,,172,51,620,0,641
FMC_LA,1,20,3.67396,3.416,128.354,,0.4333,2.8769,21.7954,,182,44,624,0,646
FMC_LA,1,21,3.61925,3.245,130.264,,0.49887,2.1779,22.6029,,159,45,621,0,636
FMC_LA,1,22,3.56068,2.8788,130.694,,0.48974,1.8802,20.7953,,161,48,608,0,624
FMC_LA,1,23,3.65681,3.2256,129.804,,0.51802,3.3868,22.0759,,182,48,626,0,649
FMC_LA,1,24,3.68168,3.7045,129.4,,0.47573,2.4337,21.3735,,167,45,592,0,603
FMC_LA,1,25,3.69389,3.5599,130.134,,0.48011,2.4588,22.2666,,180,49,603,0,624
FMC_LA,1,26,3.67584,3.4376,130.508,,0.48328,2.4851,21.8606,,190,53,597,0,618
FMC_LA,1,27,3.65103,2.7631,129.754,,0.44582,2.1062,20.6674,,155,48,586,0,605
FMC_LA,1,28,3.71192,3.3812,130.913,,0.43159,2.4987,21.6781,,167,45,572,0,583
FMC_LA,1,29,3.67914,3.2406,129.008,,0.46677,1.912,21.4776,,162,50,604,0,624
FMC_LA,1,30,3.67338,3.5069,131.06,,0.47944,2.7379,21.1638,,148,47,566,0,584
FMC_LA,1,31,3.69053,3.6551,129.402,,0.42068,2.9852,21.6242,,152,45,560,0,575
FMC_LA,1,32,3.69514,4.5454,132.156,,0.41528,2.776,20.4927,,175,40,572,0,593
FMC_LA,1,33,3.75756,3.2519,128.512,,0.45001,1.6611,19.7427,,160,44,561,0,582
FMC_LA,1,34,3.67113,3.289,131.913,,0.42864,2.0993,22.2343,,150,43,550,0,561
FMC_LA,1,35,3.7416,3.3149,131.317,,0.4469,2.2266,22.0004,,144,40,520,0,536
FMC_LA,1,36,3.74928,3.4642,131.121,,0.39046,2.2178,20.7878,,152,45,569,0,587
FMC_LA,1,37,3.72541,3.6143,130.528,,0.44645,2.4629,21.0312,,148,44,540,0,556
FMC_LA,1,38,3.72779,2.7546,131.099,,0.53285,1.5258,19.6914,,145,42,533,0,549
FMC_LA,1,39,3.75187,3.1468,133.404,,0.44459,2.1783,22.4658,,134,41,513,0,533
FMC_LA,1,40,3.70138,2.9756,131.283,,0.41339,2.4662,21.0721,,152,51,552,0,564
FMC_LA,1,41,3.71957,2.6636,131.224,,0.42655,2.1421,20.9124,,140,41,505,0,524
FMC_LA,1,42,3.75993,2.8136,130.954,,0.39678,2.0376,20.9307,,144,42,538,0,550
FMC_LA,1,43,3.77161,3.5562,132.037,,0.50859,3.712,21.6129,,137,37,493,0,505
FMC_LA,1,44,3.71952,2.9372,132.192,,0.52496,2.4312,19.8573,,146,48,494,0,511
FMC_LA,1,45,3.67918,3.4884,131.894,,0.46007,3.363,21.3478,,146,38,519,0,535
FMC_LA,1,46,3.74029,3.5223,130.072,,0.40967,2.4566,22.5546,,140,42,511,0,520
FMC_LA,1,47,3.80967,3.2027,131.958,,0.39158,2.4996,21.3836,,123,38,501,0,509
FMC_LA,1,48,3.68023,3.2754,131.993,,0.43065,2.6393,21.2179,,130,36,461,0,484
FMC_LA,1,49,3.78739,3.1827,131.444,,0.44681,1.9148,21.5121,,119,35,498,0,514
FMC_LA,1,50,3.80258,3.748,132.512,,0.35624,3.0479,21.192,,120,35,467,0,482
FMC_LA,1,51,3.72912,3.6434,132.145,,0.44107,1.9894,21.5306,,137,34,491,0,501
FMC_LA,1,52,3.78848,3.1993,131.344,,0.43275,1.8443,21.497,,138,34,477,0,486
FMC_LA,1,53,3.7826,3.4748,132.584,,0.38706,3.149,22.363,,123,37,461,0,476
FMC_LA,1,54,3.65902,4.0717,131.831,,0.43457,3.6272,20.1109,,132,29,456,0,470
FMC_LA,1,55,3.8377,3.9351,132.439,,0.4187,3.7783,21.8277,,135,37,497,0,508
FMC_LA,1,56,3.72717,3.0481,132.824,,0.41203,2.3442,21.6479,,120,36,444,0,457
FMC_LA,1,57,3.70644,2.3353,132.627,,0.45392,1.4221,20.9092,,104,33,421,0,437
FMC_LA,1,58,3.76565,2.9701,132.034,,0.391,2.3229,21.443,,115,28,443,0,456
FMC_LA,1,59,3.80642,2.8853,131.323,,0.43057,1.7618,21.4203,,134,37,470,0,486
FMC_LA,1,60,3.758,3.5986,133.141,,0.43256,1.9971,21.2182,,120,41,446,0,452
FMC_LA,1,61,3.77339,2.6737,134.017,,0.42298,1.8165,20.311,,115,32,421,0,438
FMC_LA,1,62,3.82916,3.8447,132.463,,0.3495,2.7266,19.8505,,119,29,436,0,456
FMC_LA,1,63,3.77769,3.5475,131.464,,0.43143,2.5196,21.6039,,108,30,405,0,420
FMC_LA,1,64,3.80861,3.2646,131.899,,0.44832,1.9686,21.8102,,108,33,447,0,459
FMC_LA,1,65,3.7893,2.9739,133.6,,0.43414,1.9,21.219,,129,39,415,0,428
FMC_LA,1,66,3.70018,3.7159,132.745,,0.46328,4.2317,20.5734,,111,35,411,0,430
FMC_LA,1,67,3.80992,3.5521,133.332,,0.37408,2.4227,20.3505,,125,30,397,0,410
FMC_LA,1,68,3.824,2.8084,131.149,,0.36987,1.6788,20.9135,,105,29,430,0,440
FMC_LA,1,69,3.7587,2.2706,134.035,,0.41074,1.6096,21.9922,,115,32,424,0,437
FMC_LA,1,70,3.80592,2.2554,133.23,,0.38712,1.7947,20.1954,,103,33,392,0,403
FMC_LA,1,71,3.78,2.6914,133.023,,0.38188,1.6126,21.5177,,109,25,398,0,412
FMC_LA,1,72,3.83185,3.0389,130.891,,0.41057,1.7507,20.8671,,108,29,421,0,434
FMC_LA,1,73,3.82376,2.9782,134.026,,0.39501,1.921,22.1013,,93,28,390,0,400
FMC_LA,1,74,3.82176,3.3099,132.463,,0.40348,1.752,20.1197,,91,26,378,0,389
FMC_LA,1,75,3.78255,3.0797,131.761,,0.41517,2.2395,20.7877,,98,25,401,0,410
FMC_LA,1,76,3.72454,3.2949,133,,0.43966,1.6131,21.9663,,97,31,379,0,391
FMC_LA,1,77,3.85495,3.1083,133.772,,0.44986,1.3331,21.7598,,109,31,416,0,421
FMC_LA,1,78,3.74009,2.7819,134.447,,0.39694,1.7664,20.5384,,108,33,367,0,375
FMC_LA,1,79,3.82085,2.8659,131.584,,0.42979,1.9142,21.8084,,106,29,394,0,402
FMC_LA,1,80,3.83725,3.1933,131.039,,0.40388,1.9035,20.1262,,80,28,358,0,367
FMC_LA,1,81,3.80147,3.0301,132.969,,0.43028,2.0731,22.7339,,102,30,387,0,403
FMC_LA,1,82,3.85081,3.5754,133.701,,0.44207,2.6898,21.4279,,111,20,365,0,377
FMC_LA,1,83,3.75453,2.6347,133.097,,0.41466,2.1027,19.1428,,86,28,352,0,365
FMC_LA,1,84,3.76444,2.4663,133.181,,0.42149,1.6419,21.0234,,108,21,365,0,375
FMC_LA,1,85,3.86121,2.7012,131.126,,0.40445,1.8588,21.5458,,91,25,366,0,378
FMC_LA,1,86,3.77701,2.7568,134.045,,0.39748,1.348,21.7593,,77,32,355,0,367
FMC_LA,1,87,3.85156,3.5218,134.379,,0.37485,2.7873,21.4178,,90,27,351,0,361
FMC_LA,1,88,3.82079,2.6871,132.121,,0.3819,2.6433,21.4009,,89,28,355,0,369
FMC_LA,1,89,3.88622,2.7958,131.448,,0.32686,1.3118,21.8122,,90,27,324,0,336
FMC_LA,1,90,3.81769,4.0286,134.475,,0.4122,4.1354,20.5084,,104,30,383,0,397
FMC_LA,1,91,3.81443,2.5748,132.393,,0.37518,2.0045,20.5502,,88,23,333,0,343
FMC_LA,1,92,3.84284,2.715,131.51,,0.44684,1.7066,20.2019,,95,26,341,0,353
FMC_LA,1,93,3.81092,2.5639,131.023,,0.38114,1.6182,23.169,,76,33,343,0,353
FMC_LA,1,94,3.84633,4.0575,131.039,,0.34401,5.0081,20.896,,90,23,337,0,348
FMC_LA,1,95,3.81791,2.6534,133.833,,0.48304,1.9076,22.2689,,91,23,335,0,345
FMC_LA,1,96,3.87255,2.4549,135.139,,0.43378,1.3224,19.3189,,94,30,332,0,346
FMC_LA,1,97,3.83425,3.3439,134.017,,0.44772,1.3124,22.733,,87,23,350,0,357
FMC_LA,1,98,3.75895,2.9148,131.879,,0.476,1.6202,20.956,,86,23,331,0,338
FMC_LA,1,99,3.79655,2.6221,133.648,,0.37439,1.9542,21.326,,87,26,324,0,334
FMC_LA,1,100,3.89052,3.5571,132.997,,0.39095,2.4687,20.6358,,77,25,310,0,326
FMC_LA,1,101,3.83044,3.2709,132.754,,0.41766,2.2084,21.7898,,90,17,333,0,346
FMC_LA,1,102,3.87024,2.7756,132.233,,0.34628,2.4219,23.6094,,83,11,305,0,317
FMC_LA,1,103,3.82314,3.1454,134.021,,0.39261,1.6064,20.8411,,86,34,333,0,350
FMC_LA,1,104,3.88869,3.3602,135.858,,0.43398,2.06,21.6959,,84,28,310,0,322
RRI,0,1,3.26261,3.5915,140.251,70.633,0.66004,2.5849,32.722,53.3155,222,1876,2111,3,890
RRI,0,2,3.26123,3.5949,141.917,76.5,0.64429,2.4917,31.5857,57.4677,276,2253,2510,6,1016
RRI,0,3,3.2705,3.5765,142.559,49.033,0.64017,2.5017,30.2766,45.3438,278,2437,2687,9,1064
RRI,0,4,3.22081,3.5966,142.402,41.617,0.60333,2.3997,30.4486,43.6808,298,2551,2808,6,1088
RRI,0,5,3.33213,3.6578,143.884,76.4,0.60362,2.3963,31.5929,43.9535,305,2510,2764,4,1049
RRI,0,6,3.35195,3.6662,145.743,33.48,0.58336,2.2803,30.5936,30.8797,256,2435,2646,5,1003
RRI,0,7,3.46565,3.634,145.411,57.644,0.54902,2.1543,30.1722,41.0585,262,2417,2620,9,987
RRI,0,8,3.31226,3.7091,144.754,53.66,0.60986,2.2827,29.8454,35.0516,261,2401,2592,5,997
RRI,0,9,3.4,3.6844,145.696,57.371,0.57407,2.3691,29.8251,45.7258,271,2375,2570,7,979
RRI,0,10,3.34314,3.654,146.172,54.857,0.54254,2.2063,30.8259,53.9668,255,2412,2584,7,962
RRI,0,11,3.44825,3.6655,145.467,32.317,0.54048,2.0955,30.0531,27.1932,257,2385,2540,6,964
RRI,0,12,3.4502,3.6646,146.576,43,0.538,2.2045,30.2726,23.0682,249,2313,2466,6,944
RRI,0,13,3.43398,3.6917,146.538,35,0.55448,2.3191,29.2233,25.8769,259,2285,2444,8,927
RRI,0,14,3.53485,3.6623,146.192,57.033,0.514,2.083,29.2361,37.0422,241,2308,2462,3,929
RRI,0,15,3.50636,3.6794,146.997,45.75,0.49336,2.195,30.1361,34.8142,236,2303,2456,6,920
RRI,0,16,3.49592,3.6411,147.557,17.875,0.53926,2.0508,29.466,8.4306,245,2225,2390,4,901
RRI,0,17,3.54444,3.7514,147.904,37.575,0.51994,2.2489,29.3378,22.0161,225,2213,2345,4,877
RRI,0,18,3.57083,3.7874,148.348,46.967,0.4836,2.1582,29.8534,51.6324,240,2205,2342,3,872
RRI,0,19,3.51121,3.739,148.448,55.6,0.50592,2.2003,30.8247,43.0368,223,2224,2366,4,899
RRI,0,20,3.56872,3.6998,148.436,23.55,0.5038,2.0719,29.7402,24.7787,243,2243,2373,4,885
RRI,0,21,3.52718,3.7815,148.096,37.8,0.46616,2.3371,29.9516,37.1877,206,2245,2379,4,892
RRI,0,22,3.57243,3.7292,148.222,28.4,0.44353,2.1561,30.0736,,243,2185,2304,1,866
RRI,0,23,3.5678,3.6945,148.508,26.167,0.4756,2.0133,29.7926,13.7049,236,2185,2317,3,860
RRI,0,24,3.5986,3.697,149.157,26.04,0.47581,2.087,29.651,25.0518,215,2180,2294,5,849
RRI,0,25,3.54619,3.6419,148.342,37.433,0.44497,2.0917,29.6766,15.0766,210,2221,2326,3,870
RRI,0,26,3.55685,3.6825,148.911,49.233,0.45994,2.0868,29.3513,39.0683,241,2231,2349,3,869
RRI,0,27,3.59111,3.6553,148.379,28.22,0.46263,2.1287,28.9805,18.4256,225,2183,2301,5,846
RRI,0,28,3.57513,3.7297,148.837,31.167,0.45507,2.2214,29.633,41.4317,193,2137,2263,3,835
RRI,0,29,3.58111,3.8281,147.768,70.2,0.45334,2.282,29.379,,217,2159,2274,1,836
RRI,0,30,3.56681,3.6694,148.875,33.536,0.43894,2.0657,29.5162,29.6916,229,2172,2287,11,851
RRI,0,31,3.62982,3.7143,149.096,21.35,0.40683,2.1329,28.9903,12.2487,218,2140,2245,4,838
RRI,0,32,3.5732,3.7299,149.671,38.5,0.44513,2.1639,29.7453,36.415,194,2129,2210,4,813
RRI,0,33,3.63232,3.6796,149.243,39.1,0.49141,2.0376,29.0492,16.8058,198,2117,2220,4,810
RRI,0,34,3.61139,3.7315,150.535,19.917,0.4379,2.0932,28.9925,9.7023,202,2102,2202,6,813
RRI,0,35,3.60421,3.7157,149.515,15.267,0.42728,2.1229,28.4444,8.2984,214,2162,2263,3,839
RRI,0,36,3.60096,3.6561,150.454,37.7,0.44101,2.0753,28.1083,,208,2104,2208,1,813
RRI,0,37,3.63725,3.6586,150.724,31.7,0.46257,2.0792,28.2345,13.7999,204,2053,2153,6,782
RRI,0,38,3.62951,3.7762,150.776,25.433,0.4515,2.2221,28.5139,17.7621,183,2015,2113,6,775
RRI,0,39,3.6733,3.7014,150.966,20.1,0.38371,2.1108,28.2585,16.2635,206,2029,2135,2,785
RRI,0,40,3.68507,3.6584,151.04,18.9,0.43872,2.1335,28.7607,17.9605,201,2019,2120,2,773
RRI,0,41,3.61087,3.6769,150.422,42.525,0.48088,2.1026,28.2303,19.3484,184,1973,2059,4,752
RRI,0,42,3.6199,3.663,150.406,36.85,0.46625,1.9973,28.5333,27.7251,191,1993,2094,4,759
RRI,0,43,3.64635,3.7,150.973,23.6,0.39854,2.0741,28.1114,14.1278,192,1957,2069,4,761
RRI,0,44,3.67194,3.7008,151.056,20.367,0.43839,2.0938,28.6874,12.067,196,1953,2045,3,743
RRI,0,45,3.66089,3.7001,151.743,27.15,0.4723,1.9862,29.1007,16.4756,179,1875,1975,2,727
RRI,0,46,3.66,3.6846,151.323,64.6,0.49468,1.9559,29.1811,30.3774,175,1894,1974,5,723
RRI,0,47,3.62841,3.6907,152.404,16.567,0.42707,2.0702,29.3885,7.859,176,1895,1994,3,727
RRI,0,48,3.65503,3.685,151.602,23,0.39725,1.9918,28.9149,16.9706,189,1857,1951,2,711
RRI,0,49,3.64757,3.6789,152.26,21.4,0.4694,2.0107,29.1848,12.1085,185,1850,1929,6,703
RRI,0,50,3.66237,3.6726,151.694,40.94,0.48153,2.0102,29.7252,48.2809,186,1839,1930,5,709
RRI,0,51,3.66047,3.675,153.17,57.325,0.41613,2.0244,29.4644,40.985,172,1810,1895,4,701
RRI,0,52,3.62541,3.6886,151.561,15.7,0.41742,2.0397,28.5793,10.0409,181,1774,1854,2,682
RRI,0,53,3.70722,3.6059,152.357,28.867,0.39776,1.9716,28.8018,9.8007,180,1790,1859,3,688
RRI,0,54,3.66753,3.5711,152.295,17.04,0.4543,1.8523,29.0572,8.3299,154,1785,1865,5,689
RRI,0,55,3.64888,3.7262,153.018,25.1,0.45724,2.1045,28.5102,15.9507,178,1792,1864,5,679
RRI,0,56,3.68976,3.729,152.109,22.06,0.37346,2.1222,28.859,23.0353,166,1765,1848,5,674
RRI,0,57,3.66595,3.6994,152.108,22.62,0.42628,2.0539,28.5172,18.1906,185,1722,1789,5,652
RRI,0,58,3.66561,3.6609,151.268,16.3,0.44989,1.8938,27.8978,8.5662,157,1665,1731,5,631
RRI,0,59,3.71235,3.6795,152.379,16.933,0.4334,1.9992,27.6826,11.1733,170,1643,1723,3,633
RRI,0,60,3.66824,3.6728,152.261,27.15,0.40909,1.981,27.4951,21.2839,148,1625,1708,2,629
RRI,0,61,3.7,3.7039,152.573,47.4,0.3618,2.1241,28.2755,41.2901,168,1642,1696,3,626
RRI,0,62,3.72028,3.6823,152.44,32.8,0.38061,1.9167,27.3356,,143,1638,1693,1,619
RRI,0,63,3.67442,3.6711,153.608,20,0.44319,1.9809,28.9056,18.1019,172,1626,1716,2,639
RRI,0,64,3.73191,3.6788,152.39,62.5,0.36002,1.9654,27.9074,54.0847,141,1594,1670,4,615
RRI,0,65,3.70347,3.6768,152.702,12.1,0.36598,1.8496,28.7327,,173,1602,1663,1,604
RRI,0,66,3.71032,3.6571,153.705,,0.37902,2.0456,28.6504,,155,1577,1634,0,598
RRI,0,67,3.71111,3.6703,152.443,65.6,0.45483,2.0055,28.5911,85.7013,144,1592,1648,2,608
RRI,0,68,3.75472,3.6727,152.395,29.5,0.37614,1.9797,27.2348,,159,1592,1657,1,606
RRI,0,69,3.68503,3.7159,152.393,14.433,0.3439,2.0455,28.0679,4.5786,167,1540,1607,3,596
RRI,0,70,3.74183,3.6579,152.542,,0.37269,1.8704,28.319,,153,1556,1629,0,598
RRI,0,71,3.70922,3.6805,152.793,5.65,0.40636,1.9998,28.3413,0.495,141,1559,1635,2,601
RRI,0,72,3.71772,3.7177,153.377,16.5,0.43545,2.0195,28.661,9.051,158,1588,1654,2,601
RRI,0,73,3.69342,3.6262,153.286,32.233,0.33803,2.113,28.0471,5.252,152,1568,1631,3,595
RRI,0,74,3.71575,3.6983,154.451,,0.36231,1.9422,28.0025,,146,1529,1586,0,580
RRI,0,75,3.75252,3.6323,153.336,,0.36223,1.9401,27.6568,,139,1528,1587,0,575
RRI,0,76,3.7403,3.6878,154.257,16.575,0.44504,1.9484,28.5294,7.7349,134,1517,1600,4,583
RRI,0,77,3.68483,3.7386,153.543,10.85,0.35888,2.0609,27.6593,6.4347,145,1565,1630,2,586
RRI,0,78,3.71104,3.6774,153.625,11.275,0.38136,1.9489,28.2669,2.5578,154,1549,1614,4,594
RRI,0,79,3.72177,3.6529,153.793,16.6,0.40111,2.0314,28.0044,,147,1494,1562,1,569
RRI,0,80,3.76457,3.6076,154.01,11.275,0.4101,1.8684,27.7761,3.5321,127,1497,1549,4,564
RRI,0,81,3.73919,3.7403,153.451,10.2,0.40618,2.1149,27.6437,4.3841,148,1469,1540,2,561
RRI,0,82,3.67801,3.6571,153.655,32.975,0.42327,1.9619,26.3232,6.2909,141,1484,1540,4,552
RRI,0,83,3.71143,3.7147,152.463,5,0.36915,1.9885,27.497,,140,1485,1537,1,566
RRI,0,84,3.73116,3.7065,153.411,24.65,0.40287,2.0327,28.4224,20.8597,138,1447,1517,2,551
RRI,0,85,3.75891,3.6345,153.539,,0.4253,1.9066,28.5461,,129,1443,1503,0,545
RRI,0,86,3.67519,3.7026,152.97,16.1,0.36828,2.1277,27.6365,,129,1428,1502,1,550
RRI,0,87,3.7493,3.7088,153.635,19.9,0.37165,2.081,27.514,13.1149,142,1461,1517,3,555
RRI,0,88,3.69638,3.7101,153.525,18.433,0.44907,2.0418,27.8656,13.4753,138,1418,1478,3,543
RRI,0,89,3.73252,3.6935,153.115,9.55,0.44177,2.0264,28.0962,1.2021,123,1375,1429,2,523
RRI,0,90,3.6925,3.6684,152.758,21.1,0.39218,1.944,28.4791,,120,1400,1465,1,536
RRI,0,91,3.68389,3.7227,153.622,49.45,0.3944,1.8848,28.4339,16.3342,149,1400,1461,2,534
RRI,0,92,3.70221,3.657,153.164,22.2,0.41553,1.9542,28.0622,11.1723,136,1375,1446,2,529
RRI,0,93,3.71667,3.6993,152.91,7.3,0.41487,1.8762,28.9887,1.253,126,1324,1382,3,505
RRI,0,94,3.76462,3.7039,153.017,80.6,0.42932,2.0129,28.7191,,130,1317,1375,1,497
RRI,0,95,3.70672,3.6755,153.357,25.7,0.41184,1.9998,29.2292,,119,1311,1371,1,498
RRI,0,96,3.69915,3.6409,153.452,8.7,0.36667,1.8963,28.5548,,118,1318,1377,1,507
RRI,0,97,3.74034,3.566,153.019,45.933,0.40928,2.0176,29.7602,34.2658,119,1279,1339,3,490
RRI,0,98,3.76791,3.6106,152.688,11.4,0.41342,1.9191,28.2281,4.6669,134,1297,1345,2,487
RRI,0,99,3.71171,3.6804,154.005,50.5,0.35796,1.9366,29.0098,59.1141,111,1278,1333,2,484
RRI,0,100,3.71379,3.6766,153.539,15.85,0.42136,2.0388,28.1921,9.9788,116,1261,1303,4,471
RRI,0,101,3.73774,3.6576,153.356,12.66,0.37858,1.9161,28.3636,5.6403,106,1238,1282,5,465
RRI,0,102,3.74365,3.636,154.954,20.85,0.41847,1.8883,28.1301,11.8087,126,1235,1295,2,468
RRI,0,103,3.71091,3.6375,154.262,,0.43501,1.9538,29.5103,,110,1241,1284,0,472
RRI,0,104,3.74324,3.6907,154.688,32.1,0.3682,1.8885,28.9969,17.8191,111,1207,1255,2,456
RRI,1,1,3.29,3.4236,133.116,62.271,0.62774,2.1998,31.0713,34.4283,270,2417,2711,7,1146
RRI,1,2,3.33783,3.516,134.189,55.771,0.58652,2.2401,29.8066,33.9892,341,2937,3271,7,1299
RRI,1,3,3.34215,3.5126,136.338,79.7,0.60629,2.193,30.2555,50.9392,382,3198,3537,4,1380
RRI,1,4,3.37564,3.5729,138.125,46.575,0.59881,2.1552,29.4328,29.9252,349,3269,3594,12,1389
RRI,1,5,3.41442,3.5429,138.31,42.443,0.59851,2.1005,29.1655,38.4701,319,3192,3461,7,1321
RRI,1,6,3.42591,3.6217,138.414,19.625,0.57836,2.256,28.4511,21.8253,359,3174,3408,4,1288
RRI,1,7,3.48114,3.5953,139.63,20.3,0.56542,2.1302,28.1705,5.8928,350,3174,3406,5,1284
RRI,1,8,3.47478,3.5626,139.576,23.34,0.57022,1.9875,28.9392,15.0444,345,3175,3397,5,1266
RRI,1,9,3.48899,3.5603,140.011,29.429,0.49716,2.0322,28.9533,18.3391,318,3094,3303,7,1243
RRI,1,10,3.52875,3.6352,140.16,25.067,0.54255,2.0935,28.6975,34.1614,313,3085,3263,6,1219
RRI,1,11,3.55335,3.632,140.741,44.957,0.51568,2.1744,28.7228,46.0301,328,3098,3281,7,1218
RRI,1,12,3.57406,3.7063,141.006,24.725,0.53754,2.0822,28.3943,19.3873,320,3045,3237,8,1212
RRI,1,13,3.55316,3.6348,141.023,71.5,0.50023,2.0085,27.9829,87.6812,301,3025,3197,2,1189
RRI,1,14,3.56102,3.6675,141.391,28.85,0.4983,2.0281,28.4138,20.6163,295,2936,3098,4,1160
RRI,1,15,3.57836,3.6461,141.698,20.6,0.51144,1.9363,27.8938,11.5744,305,2962,3124,4,1166
RRI,1,16,3.60186,3.707,141.289,13.2,0.48989,2.0505,27.9422,4.4098,323,3038,3194,4,1187
RRI,1,17,3.62524,3.7053,141.314,38.183,0.49766,2.0432,27.7211,43.1146,313,3024,3209,6,1174
RRI,1,18,3.58614,3.6518,141.231,46.76,0.50664,1.8992,27.6326,26.855,267,2974,3122,5,1150
RRI,1,19,3.60717,3.6776,141.596,35,0.52216,2.0199,27.3576,33.2283,293,2993,3160,3,1166
RRI,1,20,3.64503,3.7619,141.837,17.471,0.4753,2.0966,27.4438,12.589,322,2993,3159,7,1151
RRI,1,21,3.64902,3.66,142.219,19.967,0.4601,2.0198,28.1412,23.9023,306,2934,3079,6,1121
RRI,1,22,3.64403,3.6796,142.653,39.657,0.46904,2.0255,27.6092,33.1454,268,2920,3055,7,1111
RRI,1,23,3.63431,3.669,143.01,22.25,0.49937,2.0168,27.6149,10.9817,274,2901,3059,4,1115
RRI,1,24,3.6194,3.7491,142.974,33.611,0.46677,2.0684,27.7549,35.0381,299,2888,3056,9,1115
RRI,1,25,3.68188,3.753,142.661,47.5,0.46389,2.0314,27.6605,,287,2808,2946,1,1096
RRI,1,26,3.65772,3.704,144.031,16.929,0.47399,1.9643,28.2521,10.0975,272,2792,2907,7,1064
RRI,1,27,3.69744,3.7237,143.575,8.45,0.43544,1.9235,27.5712,2.6163,234,2740,2879,2,1057
RRI,1,28,3.65203,3.7038,144.731,18.933,0.48572,1.931,28.0994,8.3363,296,2774,2893,6,1067
RRI,1,29,3.66522,3.7563,144.688,15.917,0.47115,1.9646,27.6248,6.8799,276,2746,2881,6,1054
RRI,1,30,3.7043,3.7051,144.731,26.067,0.45558,1.9285,27.6869,15.2156,256,2714,2847,6,1044
RRI,1,31,3.66707,3.696,145.075,12.875,0.43741,1.9941,28.3516,6.2644,249,2630,2726,4,1001
RRI,1,32,3.70728,3.7563,144.778,14.6,0.43481,2.0635,27.85,6.9296,261,2610,2733,5,1003
RRI,1,33,3.69707,3.7522,144.731,8.34,0.45511,1.9133,27.7957,1.0237,273,2650,2765,5,1012
RRI,1,34,3.67605,3.835,145.525,21.26,0.47074,2.2034,27.5598,20.8797,263,2667,2785,5,1025
RRI,1,35,3.69793,3.777,146.086,67.2,0.3989,1.9836,27.377,58.1506,241,2647,2757,3,1011
RRI,1,36,3.75137,3.7174,146.078,8.7,0.44304,1.967,27.962,2.4042,255,2657,2778,2,1012
RRI,1,37,3.74358,3.7838,146.716,11.52,0.45583,1.9595,27.2721,4.722,257,2619,2735,5,1000
RRI,1,38,3.70235,3.7219,147.28,20.8,0.45089,1.8906,27.3386,9.051,255,2592,2706,2,989
RRI,1,39,3.71688,3.7297,146.213,21.84,0.44394,1.8097,27.8936,18.0854,237,2605,2719,5,989
RRI,1,40,3.76379,3.6995,146.115,19.75,0.42202,1.8432,28.0345,21.9365,243,2606,2710,6,986
RRI,1,41,3.69053,3.7754,146.482,25.567,0.43895,2.0158,27.6342,8.9846,243,2580,2681,3,970
RRI,1,42,3.71855,3.65,145.895,9.75,0.42851,1.7899,27.6719,2.9149,248,2494,2592,4,957
RRI,1,43,3.74388,3.7325,145.737,47.44,0.4152,1.9226,27.586,63.8141,237,2495,2583,5,933
RRI,1,44,3.75047,3.7485,146.045,135.6,0.47939,1.8865,28.2474,,212,2545,2626,1,953
RRI,1,45,3.74591,3.8068,145.486,25.9,0.42938,1.954,27.9159,22.6274,257,2504,2622,2,962
RRI,1,46,3.74478,3.8085,145.728,18.067,0.42503,1.8805,28.053,10.7723,230,2470,2572,3,940
RRI,1,47,3.7752,3.8136,145.279,22.317,0.39259,1.9334,27.5404,14.7367,254,2456,2538,6,924
RRI,1,48,3.73299,3.7647,146.157,54.4,0.41216,1.9007,27.4105,,197,2443,2531,1,917
RRI,1,49,3.79628,3.7719,145.764,19.35,0.44183,1.8855,27.6512,15.7178,242,2448,2532,4,920
RRI,1,50,3.74198,3.7672,146.335,41.35,0.41217,1.9079,26.9869,30.9661,243,2410,2495,4,901
RRI,1,51,3.73761,3.8112,146.775,25,0.44766,1.9239,27.4475,8.586,226,2368,2449,3,892
RRI,1,52,3.74272,3.7739,146.401,43.52,0.44329,1.9234,26.6188,39.6847,206,2326,2422,5,881
RRI,1,53,3.78174,3.7317,146.598,19.167,0.43138,1.9113,27.864,13.7947,219,2344,2415,3,874
RRI,1,54,3.75514,3.7461,146.724,16.9,0.46024,1.8287,27.2939,11.3105,243,2329,2426,4,880
RRI,1,55,3.79537,3.8202,146.046,80.5,0.39694,1.8716,26.905,,216,2337,2434,1,888
RRI,1,56,3.76986,3.8143,146.104,27.086,0.44361,1.9228,26.8289,21.8773,219,2257,2346,7,862
RRI,1,57,3.77344,3.7849,146.113,,0.42975,1.9177,26.8702,,192,2177,2253,0,820
RRI,1,58,3.78611,3.8427,146.313,11.7,0.42948,1.943,27.4568,10.6663,216,2106,2192,3,794
RRI,1,59,3.79752,3.7113,146.731,,0.38303,1.8337,27.5439,,202,2146,2227,0,816
RRI,1,60,3.76728,3.8143,147.303,9.433,0.44021,1.9134,27.7539,6.2405,217,2111,2187,3,797
RRI,1,61,3.78376,3.7333,146.755,11.4,0.40512,1.8562,27.6766,,197,2068,2154,1,789
RRI,1,62,3.80876,3.804,147.186,26.5,0.40639,1.9615,27.6514,11.4551,194,2013,2079,2,761
RRI,1,63,3.77488,3.9529,147.129,19.6,0.46472,2.1147,27.3305,9.4752,207,2037,2113,2,775
RRI,1,64,3.76595,3.8047,146.654,19.725,0.48731,1.9537,27.6936,5.32,185,2048,2127,4,778
RRI,1,65,3.75578,3.8448,147.059,12.867,0.38462,1.9778,27.6306,3.0238,199,2024,2094,3,765
RRI,1,66,3.84556,3.8048,147.276,,0.39499,1.8338,27.7209,,180,1994,2058,0,749
RRI,1,67,3.77961,3.8441,147.227,12.65,0.42458,2.0534,27.1859,1.0607,206,1999,2075,2,765
RRI,1,68,3.81746,3.7707,146.055,47.25,0.41213,1.8913,27.7872,40.093,189,2001,2074,2,761
RRI,1,69,3.75319,3.7013,147.463,34.76,0.43625,1.7712,27.0755,33.6991,188,1992,2057,5,743
RRI,1,70,3.83977,3.7447,147.578,13.8,0.37677,1.9029,26.9115,8.061,176,1992,2064,2,746
RRI,1,71,3.82183,3.8221,147.288,9,0.39094,1.9415,27.0229,2.687,197,1967,2050,2,751
RRI,1,72,3.75412,3.7368,147.027,7.1,0.41589,1.9317,27.6627,,194,1965,2039,1,737
RRI,1,73,3.79786,3.7501,148.065,51.58,0.41607,1.9395,27.2636,27.0594,187,1950,2003,5,724
RRI,1,74,3.82071,3.8563,146.458,11.25,0.38077,1.9143,26.3303,7.9903,169,1883,1937,2,714
RRI,1,75,3.8462,3.8247,147.169,20.3,0.41391,1.8814,26.8179,18.4111,171,1900,1964,3,708
RRI,1,76,3.77929,3.7602,146.702,20.25,0.42929,1.845,26.4706,15.3298,198,1886,1954,4,707
RRI,1,77,3.81012,3.6985,147.305,17.9,0.41638,1.7967,26.7395,8.7681,168,1878,1943,2,702
RRI,1,78,3.80491,3.8138,147.908,17.35,0.40136,1.8855,26.3031,5.869,163,1835,1905,2,691
RRI,1,79,3.83165,3.7566,147.836,53.4,0.41302,1.843,26.4324,,158,1828,1897,1,684
RRI,1,80,3.85249,3.7629,147.929,10.2,0.38204,1.8806,25.6495,1.253,181,1848,1899,3,678
RRI,1,81,3.80556,3.7769,147.158,10.1,0.42594,1.8266,25.9496,4.6163,180,1779,1840,3,663
RRI,1,82,3.8172,3.8204,147.505,25.75,0.40591,1.841,25.7153,17.5314,157,1771,1835,4,666
RRI,1,83,3.83203,3.809,148.127,,0.38434,1.8217,26.024,,153,1720,1774,0,640
RRI,1,84,3.84855,3.7976,147.564,15.333,0.39541,1.9082,26.6623,4.9723,173,1748,1802,3,644
RRI,1,85,3.79222,3.7419,147.673,12.7,0.44029,1.7442,26.6309,,167,1748,1794,1,648
RRI,1,86,3.8087,3.675,147.918,18.9,0.42285,1.8257,26.1772,9.7581,161,1769,1821,2,655
RRI,1,87,3.79396,3.7728,148.386,5.6,0.42239,1.8731,26.5229,,149,1779,1837,1,657
RRI,1,88,3.89193,3.7515,147.176,8.4,0.34803,1.8854,26.6315,0.9899,161,1798,1851,2,664
RRI,1,89,3.76836,3.7474,148.792,9.675,0.44901,1.8341,25.8634,2.9148,177,1791,1847,4,658
RRI,1,90,3.85096,3.715,148.209,16.95,0.39978,1.6875,26.6787,15.3442,157,1748,1791,2,645
RRI,1,91,3.825,3.7665,149.192,16.9,0.42242,1.8282,26.1999,12.0208,140,1745,1794,2,644
RRI,1,92,3.8526,3.7142,149.289,12.7,0.3574,1.7626,27.2562,,154,1739,1791,1,638
RRI,1,93,3.82893,3.7393,149.505,21.4,0.42566,1.8939,26.2561,,159,1681,1733,1,640
RRI,1,94,3.825,3.7066,148.744,22.667,0.41629,1.7574,26.4003,10.9226,164,1614,1683,3,611
RRI,1,95,3.85822,3.7033,148.982,22.467,0.35734,1.7655,26.8266,8.7558,146,1628,1686,3,596
RRI,1,96,3.86691,3.7102,149.713,8.2,0.38267,1.7341,27.5535,2.4042,139,1655,1695,2,615
RRI,1,97,3.87925,3.7228,150.032,53.3,0.37061,1.8467,27.1089,,159,1658,1700,1,612
RRI,1,98,3.78355,3.7653,150.092,10.4,0.44758,1.8864,26.4654,,152,1640,1691,1,603
RRI,1,99,3.86943,3.7248,148.618,23.45,0.38906,1.8626,27.5048,9.3261,157,1597,1645,4,584
RRI,1,100,3.82231,3.7759,149.691,,0.38976,1.7997,27.2151,,121,1550,1601,0,577
RRI,1,101,3.88497,3.7549,148.305,13.65,0.36142,1.8858,26.8813,5.869,153,1592,1630,2,590
RRI,1,102,3.794,3.7162,149.083,31.575,0.41648,1.918,27.4275,44.7931,150,1577,1626,4,586
RRI,1,103,3.84929,3.7224,148.966,9.15,0.39811,1.8188,26.8236,3.7477,140,1553,1607,2,581
RRI,1,104,3.87143,3.7591,148.908,24.15,0.43227,1.7885,26.5392,4.0305,126,1545,1589,2,564
KfH-Europe,0,1,3.154716761,2.647652848,124.8890607,58.33459906,0.695262072,1.820022588,26.39811297,67.25670834,235,11283,12855,451,4799
KfH-Europe,0,2,3.250087038,2.70147178,126.4866637,55.69233621,0.635714169,1.929345779,25.7325833,69.97799377,305,12897,14173,505,5156
KfH-Europe,0,3,3.241462313,2.760224738,127.3852798,46.30596681,0.622640093,2.214702403,25.44715933,56.87256681,286,13827,14830,490,5361
KfH-Europe,0,4,3.237520727,2.788053501,128.1214203,44.80897163,0.642651767,1.961747336,25.04396792,63.05723668,304,14504,15354,495,5548
KfH-Europe,0,5,3.40810309,2.791446118,128.469357,40.17882716,0.639892379,1.835258389,24.5971652,56.706498,312,15010,15779,535,5670
KfH-Europe,0,6,3.314215414,2.811086021,129.2791192,39.92541852,0.611851026,2.052176205,24.50138265,50.76318711,303,15369,16019,483,5694
KfH-Europe,0,7,3.375193191,2.868651022,129.4253197,36.1434863,0.569932907,2.331773171,24.51076888,48.12103812,367,15521,16149,544,5769
KfH-Europe,0,8,3.375148946,2.845171305,129.6981327,36.78804389,0.590564461,1.846140594,24.39981864,51.00591779,344,15709,16286,556,5823
KfH-Europe,0,9,3.408115745,2.835020309,130.115991,33.65553708,0.581696938,1.787111906,24.44077409,46.40292447,348,16020,16523,515,5857
KfH-Europe,0,10,3.345644119,2.912346589,130.4249665,36.06751852,0.604038904,2.130315652,24.74494635,52.93243521,325,16075,16521,524,5868
KfH-Europe,0,11,3.41303289,2.902932466,130.9848797,34.39802128,0.562612296,1.808242857,24.32970754,46.35065704,367,16084,16516,513,5871
KfH-Europe,0,12,3.480591585,2.886675402,131.051463,27.9062064,0.58399984,1.815513008,24.13143262,39.82074772,381,16130,16581,543,5868
KfH-Europe,0,13,3.468441719,2.91520866,131.0755509,30.88549203,0.546983825,1.839500003,24.1163421,47.87322753,294,16154,16562,499,5862
KfH-Europe,0,14,3.47537369,2.897876022,131.1691909,30.88440838,0.57137417,1.690398241,23.94334834,43.32836465,333,16199,16592,522,5862
KfH-Europe,0,15,3.496311104,2.952368465,131.3499408,30.55540293,0.557213815,2.339751952,23.896519,44.93349519,318,16159,16524,479,5838
KfH-Europe,0,16,3.476633601,2.929279473,131.6899775,30.20512186,0.58034968,2.044618858,23.91363879,46.81452839,315,16140,16472,490,5804
KfH-Europe,0,17,3.497716715,2.922549712,131.7358452,28.47317797,0.542950422,1.779362553,23.89585072,44.00564655,327,16165,16451,495,5782
KfH-Europe,0,18,3.492806677,2.926723824,131.8675206,24.72668716,0.545412335,1.92208964,23.82568797,33.88510522,327,16178,16433,514,5796
KfH-Europe,0,19,3.525915607,2.932814019,131.9333451,29.26629704,0.512569302,1.60740659,23.6694885,43.4106982,335,16131,16381,523,5763
KfH-Europe,0,20,3.539667638,2.920301265,131.9953604,25.10779402,0.552614913,1.700967686,23.5797798,36.17928238,330,15949,16244,502,5718
KfH-Europe,0,21,3.52871712,2.922117906,132.2362937,23.99070213,0.540606469,1.669785746,23.3536407,35.0142026,369,16012,16241,498,5702
KfH-Europe,0,22,3.510236639,2.916470816,132.3540831,25.01238421,0.529654884,1.966540775,23.41195619,38.39646153,313,15950,16159,460,5697
KfH-Europe,0,23,3.545498797,2.965616186,132.1284886,21.37787844,0.497433155,2.540049159,23.34772617,30.3163507,337,15907,16108,453,5657
KfH-Europe,0,24,3.564404496,2.938235959,132.4140485,23.26138593,0.497600224,1.693215149,23.15805114,32.52341107,339,15882,16094,487,5648
KfH-Europe,0,25,3.598019391,2.916492592,132.3863005,21.27409193,0.52589478,1.687396781,23.16814395,32.42732224,355,15800,16014,465,5621
KfH-Europe,0,26,3.553169762,2.944311936,132.5769937,24.68707814,0.510522623,1.846577967,23.12446141,40.28396508,289,15547,15805,421,5557
KfH-Europe,0,27,3.610997214,2.996774832,132.4394697,21.38762787,0.515478612,2.108517992,23.05069885,30.50901795,294,15412,15662,398,5498
KfH-Europe,0,28,3.646033885,2.984839142,132.5920899,19.07209832,0.488525991,2.187576039,23.18188613,25.53518425,301,15374,15608,439,5487
KfH-Europe,0,29,3.570369582,2.948713708,132.9789862,20.94436667,0.503380757,1.716563396,23.24938523,30.58856688,305,15336,15578,468,5476
KfH-Europe,0,30,3.601781285,2.930197794,133.0995671,21.08518116,0.455772449,1.619094654,23.01619449,24.73175213,303,15235,15498,433,5409
KfH-Europe,0,31,3.585230101,2.969844066,133.0584816,22.50682759,0.478836917,2.156482255,23.01551498,33.30728439,312,15298,15499,456,5414
KfH-Europe,0,32,3.614155093,2.964961601,133.0990899,23.13592875,0.517747656,2.191267396,23.46324611,33.58023837,276,15126,15307,415,5376
KfH-Europe,0,33,3.560128487,2.939951322,133.1285274,22.98532294,0.500163316,1.961568097,23.18054869,32.2349856,316,15049,15215,463,5345
KfH-Europe,0,34,3.56999922,2.965854619,133.3989828,21.46434753,0.489179849,1.846401079,23.23108095,30.5052546,337,14981,15166,469,5306
KfH-Europe,0,35,3.571064644,2.937053402,133.304741,21.69990244,0.485606985,1.802673756,23.21607223,33.109582,311,15006,15165,431,5310
KfH-Europe,0,36,3.65211327,2.976514204,133.545879,19.93937965,0.457218284,1.969018622,22.94999668,25.92461351,327,14892,15048,422,5271
KfH-Europe,0,37,3.563264621,2.92482614,133.5038097,21.16446682,0.514313284,1.763362983,22.7518905,30.98487286,306,14805,14990,477,5254
KfH-Europe,0,38,3.620409764,2.95949007,133.7150926,20.59928066,0.504074623,1.932341814,23.03771122,31.37433807,309,14759,14884,438,5226
KfH-Europe,0,39,3.595908153,2.956181521,133.581539,22.66399061,0.531872467,1.851494664,22.86405439,36.01293043,305,14720,14855,442,5190
KfH-Europe,0,40,3.619132141,2.941577596,133.5822482,22.042726,0.505283194,1.658951106,22.78576314,45.2097845,240,14575,14662,386,5150
KfH-Europe,0,41,3.636755071,2.911378891,133.7836554,20.81236292,0.532300755,1.522740055,22.80743114,31.3361257,289,14484,14579,396,5111
KfH-Europe,0,42,3.614647224,2.951890243,133.6245849,21.67847653,0.476522802,1.595849064,22.70772607,32.32609403,293,14454,14562,439,5085
KfH-Europe,0,43,3.617280899,2.949530126,133.7292224,21.63933162,0.475131456,1.876577332,22.7875871,34.41858431,282,14361,14479,404,5085
KfH-Europe,0,44,3.635995581,2.935629361,133.8182014,21.58537037,0.490281418,1.777618049,22.48679603,35.46296695,295,14212,14328,427,5028
KfH-Europe,0,45,3.648406391,2.939019932,133.7933546,18.97011023,0.47043842,1.708166996,22.45079583,23.53467355,273,14149,14255,400,5013
KfH-Europe,0,46,3.579435707,2.964531208,133.8232642,21.24231527,0.51639905,1.944239282,22.47236474,32.15160686,285,13995,14089,422,4970
KfH-Europe,0,47,3.591543611,2.956849285,134.0616677,19.52526732,0.473226363,1.658945029,22.7819127,28.07943706,314,13903,14041,424,4930
KfH-Europe,0,48,3.623445432,2.941316132,133.9620255,22.5440051,0.480837549,1.641716368,22.57359476,36.80121094,285,13884,13993,406,4898
KfH-Europe,0,49,3.663140592,2.918453415,134.1160426,16.47943413,0.509193162,1.550807082,22.53277273,21.79962217,282,13812,13931,398,4857
KfH-Europe,0,50,3.610825706,2.975444757,134.2297362,22.03570866,0.502956978,2.056240012,22.47708851,33.89818362,257,13764,13863,393,4842
KfH-Europe,0,51,3.640295415,2.964848786,133.9998594,18.46909091,0.447028623,2.100969541,22.67107259,26.1499777,288,13645,13728,378,4797
KfH-Europe,0,52,3.575865891,2.939794119,134.0415731,19.84654054,0.494464428,1.889474848,22.62681703,28.56539238,301,13546,13711,382,4785
KfH-Europe,0,53,3.687858042,2.948542953,134.2621469,18.15756983,0.49483358,2.120381916,22.51927497,29.87628479,250,13452,13593,375,4756
KfH-Europe,0,54,3.631885096,2.952939016,134.5774796,20.59110803,0.537160031,1.767390143,22.45656671,29.15620974,271,13409,13541,370,4731
KfH-Europe,0,55,3.637988458,2.937221016,134.4690045,22.29842342,0.499156628,1.561445004,22.254465,31.60695938,265,13302,13419,384,4697
KfH-Europe,0,56,3.666252448,2.931856015,134.6473547,22.83676341,0.450948551,1.771900164,22.29236149,34.04084228,250,13230,13338,404,4678
KfH-Europe,0,57,3.632913093,2.947903124,134.9129411,18.69914462,0.541783466,1.786166213,22.38476589,29.81716564,270,13115,13217,393,4631
KfH-Europe,0,58,3.698004111,2.932124275,134.8975936,18.05979107,0.447427407,1.611675531,22.22492823,31.22783573,279,13025,13145,363,4601
KfH-Europe,0,59,3.65285432,2.930584359,135.1364809,21.44558032,0.526827483,1.546702747,22.31969659,41.87443395,259,12932,13044,373,4575
KfH-Europe,0,60,3.681612604,2.910932645,135.1124556,21.32132983,0.436395696,1.576350623,22.45038991,39.33280318,297,12904,13005,398,4574
KfH-Europe,0,61,3.667733462,2.965445748,135.1354767,18.89574951,0.464703494,2.158231343,22.16127334,32.72594807,242,12844,12962,353,4532
KfH-Europe,0,62,3.640332393,2.922384595,135.2032537,21.41806777,0.531310425,1.482109244,22.32105055,30.16907917,266,12792,12880,377,4520
KfH-Europe,0,63,3.682275982,2.900767899,135.1202852,19.75587651,0.4617236,1.570390337,22.45065065,33.51481368,292,12721,12774,402,4484
KfH-Europe,0,64,3.636091351,2.930461968,135.3380487,19.3412764,0.46246838,1.5729353,22.02954862,27.56958759,270,12636,12717,384,4458
KfH-Europe,0,65,3.647803636,2.946981837,134.8802034,19.15358696,0.472428877,2.175829215,22.00257581,28.90329417,270,12534,12616,381,4417
KfH-Europe,0,66,3.633221686,2.970138085,134.7721373,21.99644184,0.485714303,2.414054481,22.14082417,34.20504551,226,12403,12465,365,4379
KfH-Europe,0,67,3.670061784,2.930567472,134.6777539,18.12818798,0.53786714,1.715603798,22.51067544,32.76209715,220,12342,12397,356,4348
KfH-Europe,0,68,3.700233086,2.927127038,134.8082629,16.52709333,0.425887544,1.500288031,22.41347957,22.61754872,258,12229,12286,389,4314
KfH-Europe,0,69,3.68053921,2.925909471,134.8270321,19.0350628,0.48207802,1.614422029,22.28060589,31.10336733,215,12157,12243,367,4291
KfH-Europe,0,70,3.702778129,2.942210056,134.8594924,19.15775382,0.430649903,2.244366739,22.48634259,27.17266838,270,12092,12153,391,4268
KfH-Europe,0,71,3.679864255,2.949038737,134.6345321,18.25369602,0.486111142,2.138936942,21.88343668,29.27773804,244,11983,12054,363,4229
KfH-Europe,0,72,3.669576169,2.942353417,135.0080233,19.53349386,0.505573762,1.805495695,21.74637989,31.33570837,256,11902,11947,370,4198
KfH-Europe,0,73,3.735129292,2.915883009,135.0088526,17.2535,0.448376668,1.659468312,22.25564256,24.61219395,249,11824,11901,365,4164
KfH-Europe,0,74,3.626902588,2.951475214,135.1556077,17.204625,0.457757069,1.670313733,22.37819941,25.37652157,261,11819,11896,373,4158
KfH-Europe,0,75,3.691971121,2.920972139,135.0720827,23.40988636,0.52842772,2.121300329,22.21223812,32.88848656,221,11742,11816,318,4145
KfH-Europe,0,76,3.650462546,2.916015741,135.3366318,20.94487817,0.455308686,1.747184012,22.29606023,34.24840528,221,11634,11748,360,4125
KfH-Europe,0,77,3.686866204,2.921357329,135.3084805,16.95576812,0.482999039,1.718615223,22.04464492,21.92596807,264,11595,11672,358,4086
KfH-Europe,0,78,3.728966195,2.934908109,135.179343,18.96344795,0.457098791,1.580305761,22.40788531,31.1289605,235,11513,11531,367,4062
KfH-Europe,0,79,3.739059819,2.930673126,134.9601216,18.67218023,0.454035888,1.550428576,22.07934278,35.26672431,224,11445,11514,357,4035
KfH-Europe,0,80,3.739422864,2.929736565,135.1037589,20.39496032,0.532226715,1.83241814,22.37658864,32.88841633,223,11379,11446,332,4010
KfH-Europe,0,81,3.723321986,2.93916425,135.1578876,19.84867992,0.458913036,1.480253528,22.27455558,28.67740814,222,11229,11295,349,3971
KfH-Europe,0,82,3.689904726,2.92317582,134.9515903,22.67070552,0.49579307,1.678551666,22.18880067,52.57546838,209,11185,11233,340,3947
KfH-Europe,0,83,3.740119174,2.965613011,135.0585044,18.4082622,0.446165921,1.988421521,22.18489926,25.38847811,222,11060,11135,338,3903
KfH-Europe,0,84,3.703397667,3.000624319,135.4509063,21.3561828,0.513821261,2.290218517,22.6033554,36.19674691,224,11056,11128,327,3899
KfH-Europe,0,85,3.695268341,2.956250391,135.2112757,18.40657807,0.475240911,1.647568221,22.12718245,24.22990543,216,10986,11052,310,3865
KfH-Europe,0,86,3.752684921,2.988690841,135.615728,15.77127399,0.444469773,2.28642316,22.32383111,23.6772007,261,10929,10977,349,3842
KfH-Europe,0,87,3.705066808,2.943458664,135.2988594,19.02151175,0.460688608,1.61384681,22.30990421,29.27646396,221,10805,10830,321,3806
KfH-Europe,0,88,3.708963853,2.979488105,135.6359416,20.52611672,0.47936812,1.989864511,22.48747683,34.47860371,225,10703,10758,312,3778
KfH-Europe,0,89,3.772229129,2.948367648,135.7831424,16.14129689,0.445277896,1.646208152,22.48963582,25.52127975,209,10728,10737,326,3763
KfH-Europe,0,90,3.710509196,2.948359057,135.289893,17.22385859,0.489748718,1.526705166,22.24323435,28.89673494,227,10610,10690,346,3755
KfH-Europe,0,91,3.645551193,3.001657515,135.2331352,17.73677051,0.557018216,2.032450348,22.35650448,28.82484839,207,10546,10571,335,3709
KfH-Europe,0,92,3.688059564,2.967213139,135.3215327,19.13594502,0.50121412,2.059032704,22.46811482,35.42122212,197,10468,10528,302,3689
KfH-Europe,0,93,3.758245243,2.975574935,135.4363235,19.35802974,0.487118876,1.877773158,22.49288985,40.15413293,189,10417,10486,276,3666
KfH-Europe,0,94,3.762167919,2.973740753,135.5229613,18.48127119,0.448405482,1.712572293,22.43677183,32.54969628,199,10365,10425,307,3639
KfH-Europe,0,95,3.719605966,2.953530651,135.3521407,14.69735714,0.478452494,1.857879439,22.385881,31.00063483,179,10419,10430,287,3641
KfH-Europe,0,96,3.725768333,2.998665915,135.5875012,14.88607362,0.500292132,2.322189924,22.43781328,21.55737118,232,10373,10408,338,3629
KfH-Europe,0,97,3.733733228,2.997383321,135.559016,16.94265851,0.460348465,2.290711086,22.21585359,33.80606103,196,10285,10310,292,3600
KfH-Europe,0,98,3.730605485,2.917604608,135.7375956,18.3264693,0.504367585,1.369892758,22.52071593,27.28484098,205,10192,10201,323,3578
KfH-Europe,0,99,3.741197942,2.936895727,135.6559412,16.8238945,0.450057661,1.654239187,22.17680825,24.69513073,232,10121,10150,306,3554
KfH-Europe,0,100,3.733876507,2.969895537,135.5168411,24.07894231,0.495622008,2.050012329,21.9604132,55.05071009,213,10117,10146,326,3534
KfH-Europe,0,101,3.706348779,2.989915385,135.8179989,18.29120996,0.515554492,1.767107794,22.42999758,26.13751752,175,10003,10006,296,3519
KfH-Europe,0,102,3.800592378,2.970292611,135.7352916,20.23892157,0.504852063,1.97570547,22.19863297,35.72391813,191,9922,9959,316,3495
KfH-Europe,0,103,3.664857973,2.95586416,135.7904488,18.94831579,0.45415171,1.699035082,22.35956502,36.18755087,202,9776,9818,294,3445
KfH-Europe,0,104,3.763928571,2.959567895,135.6943903,12.83992424,0.454385369,1.793844612,22.13534026,16.22910638,86,9781,9800,134,3428
KfH-Europe,1,1,3.23990541,2.706768799,122.3537122,68.68762539,0.705731395,1.824850638,25.1659291,77.09101562,396,16642,18611,687,6962
KfH-Europe,1,2,3.272485305,2.771370614,124.4608198,59.47558156,0.664881339,2.020310241,24.62951699,63.81117456,393,19201,20684,777,7511
KfH-Europe,1,3,3.336056947,2.81124517,125.5922783,54.12168696,0.70207939,1.922823734,24.5772852,61.3513575,506,20548,21735,791,7827
KfH-Europe,1,4,3.423892522,2.844603607,126.026783,44.97211207,0.621536419,1.813830798,24.15451255,49.9362397,486,21568,22622,805,8097
KfH-Europe,1,5,3.407298376,2.85982112,126.814175,50.00614401,0.640897598,1.802833009,24.04810391,56.88545,495,22246,23106,794,8219
KfH-Europe,1,6,3.407496171,2.872473495,127.1694539,43.65366496,0.642118298,1.588134404,23.71765579,48.3269895,514,22641,23423,835,8317
KfH-Europe,1,7,3.400067413,2.900737687,127.6551684,43.66268542,0.607775205,1.586134135,23.68452867,61.91932366,515,23029,23740,835,8423
KfH-Europe,1,8,3.412924115,2.90487165,128.0333582,40.87688574,0.616023908,1.729892759,23.62322361,49.91527812,518,23173,23855,833,8461
KfH-Europe,1,9,3.428900251,2.909130968,128.3001709,36.42373563,0.608773231,1.706310804,23.69075726,43.97012333,499,23496,24089,787,8527
KfH-Europe,1,10,3.478762316,2.941641303,128.5873169,36.70404978,0.574724877,1.945668757,23.23018604,41.85916519,557,23608,24134,812,8520
KfH-Europe,1,11,3.552625317,2.95532217,128.4965536,31.14918831,0.572770472,1.715306641,22.9743931,38.71526935,571,23566,24049,825,8489
KfH-Europe,1,12,3.506176491,2.964481897,128.8817251,33.3956626,0.550497358,1.933786822,22.98762848,41.93189305,518,23364,23904,775,8445
KfH-Europe,1,13,3.504501611,2.97194776,129.1956506,34.61921755,0.577812565,1.705361675,22.92989891,42.74478856,494,23500,23936,777,8441
KfH-Europe,1,14,3.45742592,2.97307525,129.36836,34.23175,0.586159201,1.650648995,22.83119819,45.40179903,478,23423,23885,768,8430
KfH-Europe,1,15,3.610811483,2.979600174,129.4403569,31.01674253,0.530881236,1.48312812,22.91233123,39.87663714,516,23412,23822,788,8366
KfH-Europe,1,16,3.538296908,2.998849685,129.6039086,31.2458467,0.571497273,1.810688049,22.73167859,39.80664204,531,23339,23803,785,8323
KfH-Europe,1,17,3.557371206,3.010458278,129.8469923,31.44842463,0.560813651,1.756110917,22.70700654,41.80570493,517,23322,23753,748,8325
KfH-Europe,1,18,3.566521253,3.009671514,129.9944474,31.12872762,0.560608639,1.538494303,22.87226785,42.71227091,496,23181,23544,727,8298
KfH-Europe,1,19,3.595482831,3.013260241,129.8558759,30.01793716,0.532473268,1.786440534,22.71603142,39.25882858,498,23156,23499,779,8238
KfH-Europe,1,20,3.624269465,2.99590067,130.0634726,30.61771979,0.5466262,1.601618622,22.47592288,41.14006025,517,23013,23405,747,8210
KfH-Europe,1,21,3.545694086,3.019962701,130.1869847,30.28716999,0.528835318,1.633602921,22.50856092,39.58299257,511,22917,23254,738,8157
KfH-Europe,1,22,3.587970734,3.001041117,130.4347931,30.42236868,0.510958489,1.549329233,22.67508326,38.42085414,493,22893,23191,721,8158
KfH-Europe,1,23,3.593123231,2.996906346,130.4377237,30.27805518,0.531905876,1.510449517,22.53178133,40.21082854,548,22773,23043,783,8101
KfH-Europe,1,24,3.578980837,3.022867451,130.3830037,29.00697075,0.549634746,1.707004965,22.49791183,39.50750201,485,22705,22940,750,8075
KfH-Europe,1,25,3.634725805,3.00199301,130.9290978,26.21682772,0.514941719,1.593074717,22.51846298,33.49239933,511,22630,22890,719,8030
KfH-Europe,1,26,3.629963888,3.022579875,130.9376291,28.57035005,0.513217043,1.548065592,22.409934,42.37227518,471,22484,22756,676,7965
KfH-Europe,1,27,3.576202461,3.013880212,130.8772422,26.87741433,0.54969515,1.544359098,22.3488694,34.25260784,471,22390,22634,685,7930
KfH-Europe,1,28,3.644996369,3.030254876,131.024349,25.09513239,0.507288473,1.828930211,22.30327163,31.97335347,514,22181,22405,739,7870
KfH-Europe,1,29,3.625165513,3.014358354,131.0758543,27.25906479,0.556727053,1.675100711,22.31617448,36.92381356,458,22058,22294,674,7808
KfH-Europe,1,30,3.641474711,3.034542475,131.1682301,27.74297158,0.545593227,1.6478773,22.11539341,40.65071284,420,21910,22166,682,7759
KfH-Europe,1,31,3.672084699,3.012024827,131.3745143,25.16911386,0.529727969,1.550760811,21.97947878,32.53767608,465,21788,22053,678,7736
KfH-Europe,1,32,3.619679333,3.053791682,131.4900405,25.41534483,0.5713116,1.897532866,22.02280528,34.53789329,496,21651,21908,720,7668
KfH-Europe,1,33,3.65029423,3.038463397,131.6324219,24.93288573,0.487992732,1.715393226,21.93597821,29.98734776,462,21544,21827,668,7618
KfH-Europe,1,34,3.667124733,3.029467458,131.6178595,26.6662623,0.502252701,1.812213866,21.86218683,37.80277988,426,21432,21660,634,7564
KfH-Europe,1,35,3.663310274,3.014918237,131.8780852,26.28130028,0.493508161,1.525451404,21.82216912,35.53793421,453,21246,21527,637,7534
KfH-Europe,1,36,3.703053358,2.984924059,131.6429687,25.2550314,0.482867727,1.37854692,21.73171204,39.08956106,488,21272,21503,665,7499
KfH-Europe,1,37,3.669143885,3.030383912,131.8534073,26.59096857,0.532922081,1.558895264,21.63354393,38.28055005,493,21122,21344,679,7457
KfH-Europe,1,38,3.689775341,3.037703999,132.0293712,24.01263617,0.496029221,1.611165398,21.83033059,32.01137328,461,20966,21180,647,7402
KfH-Europe,1,39,3.7044715,3.026305122,132.1068619,25.86559748,0.51454448,1.946213535,21.72727031,34.35308279,437,20889,21118,614,7394
KfH-Europe,1,40,3.673759708,3.046658854,132.1585905,26.42301941,0.508114908,1.519638393,21.83731083,40.05018612,424,20727,20944,612,7330
KfH-Europe,1,41,3.686428667,3.052323491,132.3925343,24.55892004,0.518158825,1.727977814,21.7729466,35.05150416,450,20654,20883,669,7279
KfH-Europe,1,42,3.697540697,3.037242942,132.3953797,24.13429181,0.486670663,1.680952899,21.75693612,34.99064384,417,20616,20830,609,7249
KfH-Europe,1,43,3.740603391,3.047405474,132.4152551,22.62911621,0.484417756,1.907589669,21.61768314,29.70359871,420,20378,20570,569,7182
KfH-Europe,1,44,3.683201358,3.056470322,132.6285587,23.76222417,0.521946418,1.774822038,21.70900201,30.69051473,423,20219,20396,598,7125
KfH-Europe,1,45,3.710911899,3.0579806,132.5572376,23.00847604,0.539639113,1.860944035,21.71514556,34.59501058,446,20068,20252,666,7089
KfH-Europe,1,46,3.704621095,3.059079127,132.33148,22.45175367,0.500879155,1.808158479,21.30495167,29.10190718,426,19956,20117,643,7036
KfH-Europe,1,47,3.741385627,3.076232006,132.6427637,25.15721014,0.50996828,1.608427524,21.65883722,34.0696169,382,19739,19936,580,6975
KfH-Europe,1,48,3.733384769,3.048637474,132.8198819,24.00032129,0.46927038,1.562401056,21.55633607,34.49615197,406,19704,19899,609,6952
KfH-Europe,1,49,3.695895276,3.077254545,132.8062038,24.27762139,0.527901161,1.91496904,21.23834561,35.42679393,458,19666,19854,636,6937
KfH-Europe,1,50,3.758162803,3.078026334,133.098079,26.19887837,0.494745735,1.822107283,21.35062856,42.61142369,413,19560,19731,605,6880
KfH-Europe,1,51,3.742759389,3.086625412,132.9517685,23.58415509,0.466933706,2.124522429,21.13252767,33.50996123,427,19427,19567,593,6824
KfH-Europe,1,52,3.701042353,3.059119604,133.0449646,25.24935875,0.53744252,1.792482828,21.33250475,36.54003457,395,19294,19446,579,6803
KfH-Europe,1,53,3.736476985,3.055700159,133.0856204,22.77124038,0.510296661,1.575065815,21.25793307,28.07355895,403,19223,19403,586,6770
KfH-Europe,1,54,3.727333222,3.079800853,133.2263748,24.05135,0.515248209,1.735237904,21.34335852,42.62920884,431,19050,19195,580,6697
KfH-Europe,1,55,3.738261501,3.089378918,133.3112116,21.22475499,0.481019407,2.088416391,21.1671919,34.69438705,389,18949,19059,567,6664
KfH-Europe,1,56,3.73207087,3.068488261,133.3668632,24.42775274,0.475685525,1.640710356,21.39766384,42.15085793,399,18837,18953,603,6614
KfH-Europe,1,57,3.725926795,3.137342824,133.4809538,24.38468339,0.503379456,2.538723639,21.12060143,42.11415262,420,18729,18835,590,6575
KfH-Europe,1,58,3.735478388,3.078368716,133.3778741,20.73812789,0.484673156,1.811810475,21.17457907,29.98653672,441,18587,18736,594,6545
KfH-Europe,1,59,3.745911136,3.062029917,133.5462278,23.11497576,0.477072088,1.590932406,21.16523532,32.62537175,361,18518,18616,570,6503
KfH-Europe,1,60,3.70761916,3.065294675,133.7600192,21.89369565,0.517176082,1.739564448,21.35964147,35.02011432,380,18298,18387,577,6423
KfH-Europe,1,61,3.754489714,3.067162801,133.5819292,26.02979828,0.482519333,1.542635334,21.52615316,39.89502369,384,18146,18272,532,6377
KfH-Europe,1,62,3.70879772,3.08711488,133.442843,23.74496776,0.521128868,1.600921535,21.28835578,35.43951674,408,17975,18132,548,6318
KfH-Europe,1,63,3.788065582,3.054831263,133.7152131,22.89834231,0.522959286,1.548171584,21.34981801,34.7503859,410,17824,17983,582,6295
KfH-Europe,1,64,3.728996215,3.049179011,133.7774558,21.78636106,0.489494827,1.487064156,21.1796516,31.37101254,370,17751,17902,551,6238
KfH-Europe,1,65,3.789740818,3.061975444,133.8771153,20.37629562,0.504548917,1.94090604,21.34723777,29.57134393,394,17698,17748,572,6200
KfH-Europe,1,66,3.745687063,3.033189265,133.8227742,22.02522989,0.461344776,1.440989613,21.26868251,32.59253199,320,17504,17618,484,6163
KfH-Europe,1,67,3.769366296,3.069581303,133.8981422,21.50196942,0.495471374,1.893508706,21.04730885,27.42559606,396,17418,17498,571,6130
KfH-Europe,1,68,3.792083992,3.05451658,133.9392778,23.9082381,0.453626741,1.756251216,21.14528588,39.57930842,371,17386,17506,551,6095
KfH-Europe,1,69,3.787373734,3.068207081,133.8991088,24.71636091,0.510198204,1.849216716,21.09253661,36.43316936,376,17261,17348,579,6056
KfH-Europe,1,70,3.733257843,3.060860505,133.9865914,21.57668608,0.495099517,1.633481967,20.98250264,29.0105453,357,17197,17329,542,6053
KfH-Europe,1,71,3.729839866,3.038306281,134.0219833,22.07632568,0.458492717,1.589562838,21.07343452,34.54449238,346,17053,17170,490,5989
KfH-Europe,1,72,3.753889744,3.041308978,134.0373629,21.61392,0.489534312,1.764670207,20.9317453,29.2978212,339,17003,17114,519,5959
KfH-Europe,1,73,3.770120493,3.090595287,134.3224557,20.86494624,0.461242909,1.915884696,20.7928188,29.00841904,347,16846,16963,492,5883
KfH-Europe,1,74,3.745053497,3.103761634,134.2284523,18.44172485,0.492474256,1.866859562,21.02487235,23.34629827,341,16726,16818,512,5888
KfH-Europe,1,75,3.746181204,3.050097422,134.4064475,21.58586275,0.522178217,1.658206012,20.90637958,32.31927588,390,16668,16750,528,5844
KfH-Europe,1,76,3.790126904,3.064829796,134.4387917,18.25074148,0.559280011,1.753186879,20.66821918,24.53261995,381,16545,16636,519,5822
KfH-Europe,1,77,3.768911128,3.081995798,134.2994618,20.09202198,0.472889613,1.892631717,20.73255106,33.3265359,331,16379,16494,469,5753
KfH-Europe,1,78,3.738226198,3.092644651,134.3440571,20.8205303,0.490218696,1.936252318,20.89852578,31.05486536,336,16195,16309,503,5703
KfH-Europe,1,79,3.775239247,3.066159285,134.1671028,21.55601563,0.474913508,1.653538411,20.63704103,28.38829288,318,16121,16207,467,5650
KfH-Europe,1,80,3.815346991,3.050241521,134.455586,18.96164078,0.526222455,1.607474969,20.50681752,23.38843756,346,16014,16116,533,5626
KfH-Europe,1,81,3.815011661,3.073542366,134.3940759,21.11137339,0.477492539,2.020599915,20.63771626,28.12553179,328,15878,16019,482,5582
KfH-Europe,1,82,3.772774753,3.037119136,134.3888494,21.36025283,0.507149235,1.584149892,20.56614353,33.86483594,320,15792,15922,519,5549
KfH-Europe,1,83,3.772588412,3.052334523,134.726104,22.90731824,0.459646961,1.673500228,20.92764009,31.3868325,345,15707,15813,506,5525
KfH-Europe,1,84,3.7666812,3.066431142,134.7120028,22.97332593,0.457169765,1.601898934,20.60695427,40.96734083,311,15631,15726,467,5487
KfH-Europe,1,85,3.808390452,3.063095338,134.7776196,23.55666667,0.503784665,1.882697361,20.62888729,42.41055268,335,15504,15614,475,5465
KfH-Europe,1,86,3.782952492,3.045465611,134.7129185,21.79873815,0.491999124,1.697010799,20.78985197,34.76126769,328,15361,15455,468,5405
KfH-Europe,1,87,3.778057894,3.051621339,134.8641529,20.09743724,0.490374193,1.788358453,20.68810604,25.13343833,324,15278,15381,493,5374
KfH-Europe,1,88,3.817369857,3.041471878,134.976521,22.4666523,0.522833798,1.615984223,20.47697062,33.68539368,308,15201,15296,488,5334
KfH-Europe,1,89,3.784634192,3.044473886,135.1251385,20.80292011,0.544804204,1.531521075,20.70234688,33.15935551,343,15015,15099,502,5292
KfH-Europe,1,90,3.806692101,3.031806613,135.1398845,22.2403663,0.496713386,1.536328039,20.69951344,32.05646929,296,14926,15005,470,5253
KfH-Europe,1,91,3.785898503,3.040865092,135.2372677,18.8781068,0.474837661,1.91141391,20.53145518,24.90111323,306,14800,14904,425,5201
KfH-Europe,1,92,3.823217763,3.032316526,135.0631062,24.53279423,0.498237545,1.710383776,20.56732181,41.47557597,272,14621,14715,462,5145
KfH-Europe,1,93,3.778691843,3.019001793,134.8898817,23.19588367,0.521312213,1.656292265,20.4242086,33.4378856,313,14570,14625,463,5125
KfH-Europe,1,94,3.781164387,3.045394355,135.1820228,21.08507495,0.460969349,1.750016622,20.35096437,28.95637654,341,14456,14518,483,5080
KfH-Europe,1,95,3.835720548,3.050623487,135.0332547,19.32914692,0.490262904,1.860114727,20.20102878,31.8745619,287,14367,14432,439,5036
KfH-Europe,1,96,3.808943172,3.047663628,135.3413629,19.93514019,0.467098386,1.618225814,20.23002275,28.74707886,294,14213,14284,441,5003
KfH-Europe,1,97,3.82801381,3.038370984,135.1411472,18.73751708,0.508747367,1.683543502,20.57110221,22.57322407,276,14138,14249,452,4982
KfH-Europe,1,98,3.765728759,3.05197106,135.281201,20.59349115,0.494700448,1.616126442,20.31387598,29.31666142,282,14120,14138,451,4951
KfH-Europe,1,99,3.804262154,3.110698144,135.5854047,23.01598575,0.500278458,2.299829524,20.239728,40.74712027,300,14066,14076,432,4924
KfH-Europe,1,100,3.828864639,3.053603227,135.551544,22.41699412,0.463573789,1.557503581,20.48610532,38.84033778,269,13911,13958,410,4877
KfH-Europe,1,101,3.804697588,3.077752641,135.4042731,18.79295191,0.435999265,1.561431302,20.38360358,24.77915781,260,13777,13863,420,4831
KfH-Europe,1,102,3.771760375,3.074054618,135.549444,17.90981241,0.524600083,1.5496131,20.47458935,24.71446001,294,13692,13745,480,4833
KfH-Europe,1,103,3.807212527,3.055430156,135.3870087,19.49505272,0.525712473,1.658473731,20.2962531,26.49629252,288,13644,13717,422,4801
KfH-Europe,1,104,3.799071158,3.073808528,135.4693943,19.57623116,0.505016075,1.645544439,20.26027134,29.51123213,144,13552,13607,200,4754
